Workbook

Sheet base de datos
A1: Equipo | B1: id | C1: frecuencia | D1: Actividad | E1: Prioridad | F1: Duración | G1: Area | H1: Linea | I1: Resposable | J1: tipo de operador | K1: Columna1 | L1: Columna1 | M1: Linea
A2: Aplicador de Barniz Liquido | B2: 1 | C2: 1 día | D2: Limpieza de aplicador de barniz | E2: Alta | F2: 00 h 05 m | G2: lineas Automaticas | H2: Soudronic | I2: Alexander Rabanales | J2: Operador | K2: =Tabla14[[#This Row],[id]]&Tabla14[[#This Row],[Resposable]] -> 1Alexander Rabanales | L2: =Tabla14[[#This Row],[id]]&Tabla14[[#This Row],[Resposable]] -> 1Alexander Rabanales | M2: Soudronic
A3: Aplicador de Barniz polvo | B3: 6 | C3: 1 día | D3: Limpieza de brazo aplicador de polvo | E3: Alta | F3: 00 h 02 m | G3: lineas Automaticas | H3: Soudronic | I3: Alexander Rabanales | J3: Operador | K3: =Tabla14[[#This Row],[id]]&Tabla14[[#This Row],[Resposable]] -> 6Alexander Rabanales | L3: =Tabla14[[#This Row],[id]]&Tabla14[[#This Row],[Resposable]] -> 6Alexander Rabanales | M3: Soudronic
A4: Soldadora | B4: 49 | C4: 1 día | D4: Comprobar y limpiar la ranura del alambre en los cabezales | E4: Alta | F4: 00 h 02 m | G4: lineas Automaticas | H4: Soudronic | I4: Alexander Rabanales | J4: Operador | K4: =Tabla14[[#This Row],[id]]&Tabla14[[#This Row],[Resposable]] -> 49Alexander Rabanales | L4: =Tabla14[[#This Row],[id]]&Tabla14[[#This Row],[Resposable]] -> 49Alexander Rabanales | M4: Soudronic
A5: Soldadora | B5: 49 | C5: 1 día | D5: Limpiar o girar los discos limpiadores de alambre | E5: Alta | F5: 00 h 02 m | G5: lineas Automaticas | H5: Soudronic | I5: Alexander Rabanales | J5: Operador | K5: =Tabla14[[#This Row],[id]]&Tabla14[[#This Row],[Resposable]] -> 49Alexander Rabanales | L5: =Tabla14[[#This Row],[id]]&Tabla14[[#This Row],[Resposable]] -> 49Alexander Rabanales | M5: Soudronic
A6: Soldadora | B6: 49 | C6: 1 día | D6: Limpieza de rodillos del alimentador y formadora de cuerpos | E6: Alta | F6: 00 h 02 m | G6: lineas Automaticas | H6: Soudronic | I6: Alexander Rabanales | J6: Operador | K6: =Tabla14[[#This Row],[id]]&Tabla14[[#This Row],[Resposable]] -> 49Alexander Rabanales | L6: =Tabla14[[#This Row],[id]]&Tabla14[[#This Row],[Resposable]] -> 49Alexander Rabanales | M6: Soudronic
A7: Tijeras automaticas 202 | B7: 123 | C7: 1 día | D7: Limpieza de superficie | E7: Alta | F7: 00 h 02 m | G7: lineas Automaticas | H7: Tijeras | I7: Andres Rabanales | J7: Operador | K7: =Tabla14[[#This Row],[id]]&Tabla14[[#This Row],[Resposable]] -> 123Andres Rabanales | L7: =Tabla14[[#This Row],[id]]&Tabla14[[#This Row],[Resposable]] -> 123Andres Rabanales | M7: Tijeras
A8: Tijeras automaticas 202 | B8: 123 | C8: 1 semana | D8: Lubricacion y limpieza de sistema de barras | E8: Alta | F8: 00 h 15 m | G8: lineas Automaticas | H8: Tijeras | I8: Andres Rabanales | J8: Operador | K8: =Tabla14[[#This Row],[id]]&Tabla14[[#This Row],[Resposable]] -> 123Andres Rabanales | L8: =Tabla14[[#This Row],[id]]&Tabla14[[#This Row],[Resposable]] -> 123Andres Rabanales | M8: Tijeras
A9: Tijeras automaticas 202 | B9: 123 | C9: 1 día | D9: Verificación de cojines, rodillos, tensores y sprocket | E9: Alta | F9: 00 h 03 m | G9: lineas Automaticas | H9: Tijeras | I9: Andres Rabanales | J9: Operador | K9: =Tabla14[[#This Row],[id]]&Tabla14[[#This Row],[Resposable]] -> 123Andres Rabanales | L9: =Tabla14[[#This Row],[id]]&Tabla14[[#This Row],[Resposable]] -> 123Andres Rabanales | M9: Tijeras
A10: Pestañadora envase industrial | B10: 204 | C10: 1 mes | D10: Comprobación de sistema de lubricación | E10: Alta | F10: 00 h 30 m | G10: lineas Automaticas | H10: Envase Pequeño | I10: Anthony Campos | J10: Mecánico | K10: =Tabla14[[#This Row],[id]]&Tabla14[[#This Row],[Resposable]] -> 204Anthony Campos | L10: =Tabla14[[#This Row],[id]]&Tabla14[[#This Row],[Resposable]] -> 204Anthony Campos | M10: Envase Pequeño
A11: Pestañadora envase industrial | B11: 204 | C11: 1 semana | D11: Limpieza de cadena de rodillos | E11: Alta | F11: 00 h 20 m | G11: lineas Automaticas | H11: Envase Pequeño | I11: Anthony Campos | J11: Mecánico | K11: =Tabla14[[#This Row],[id]]&Tabla14[[#This Row],[Resposable]] -> 204Anthony Campos | L11: =Tabla14[[#This Row],[id]]&Tabla14[[#This Row],[Resposable]] -> 204Anthony Campos | M11: Envase Pequeño
A12: Pestañadora envase industrial | B12: 204 | C12: 1 día | D12: Limpieza de platos y shocks de cabezales | E12: Alta | F12: 00 h 05 m | G12: lineas Automaticas | H12: Envase Pequeño | I12: Anthony Campos | J12: Operador | K12: =Tabla14[[#This Row],[id]]&Tabla14[[#This Row],[Resposable]] -> 204Anthony Campos | L12: =Tabla14[[#This Row],[id]]&Tabla14[[#This Row],[Resposable]] -> 204Anthony Campos | M12: Envase Pequeño
A13: Pestañadora envase industrial | B13: 204 | C13: 1 año | D13: Limpieza de sistema de lubricación | E13: Alta | F13: 03 h 00 m | G13: lineas Automaticas | H13: Envase Pequeño | I13: Anthony Campos | J13: Mecánico | K13: =Tabla14[[#This Row],[id]]&Tabla14[[#This Row],[Resposable]] -> 204Anthony Campos | L13: =Tabla14[[#This Row],[id]]&Tabla14[[#This Row],[Resposable]] -> 204Anthony Campos | M13: Envase Pequeño
... A1213: Volteador | B1213: 156 | C1213: 1 semana | D1213: Verificación de cojines, rodillos, tensores y sprocket | E1213: Alta | F1213: 00 h 05 m | G1213: prensas automaticas | H1213: Bibra | I1213: Willy Chic | J1213: Mecánico | K1213: =Tabla14[[#This Row],[id]]&Tabla14[[#This Row],[Resposable]] -> 156Willy Chic | L1213: =Tabla14[[#This Row],[id]]&Tabla14[[#This Row],[Resposable]] -> 156Willy Chic | M1213: Bibra

Sheet OT
A1: id | B1: numero_ot | C1: aux | D1: equipo_id | E1: tipo_mantenimiento | F1: descripcion | G1: tecnico | H1: observaciones | I1: fecha_creacion | J1: padre | K1: numero_ot
A2: 1 | B2: 1 | C2: =D2&G2 -> 1Alexander Rabanales | D2: 1 | E2: Preventivo | F2: Alta | G2: Alexander Rabanales | H2: Operador | I2: 46028.649 | J2: =VLOOKUP(C2,'base de datos'!L2:M1213,2,FALSE) -> Soudronic | K2: 1
A3: 2 | B3: 2 | C3: =D3&G3 -> 6Alexander Rabanales | D3: 6 | E3: Preventivo | F3: Alta | G3: Alexander Rabanales | H3: Operador | I3: 46029.649 | J3: =VLOOKUP(C3,'base de datos'!L3:M1214,2,FALSE) -> Soudronic | K3: 2
A4: 3 | B4: 3 | C4: =D4&G4 -> 49Alexander Rabanales | D4: 49 | E4: Preventivo | F4: Alta | G4: Alexander Rabanales | H4: Operador | I4: 46030.649 | J4: =VLOOKUP(C4,'base de datos'!L4:M1215,2,FALSE) -> Soudronic | K4: 3
A5: 4 | B5: 4 | C5: =D5&G5 -> 123Andres Rabanales | D5: 123 | E5: Preventivo | F5: Alta | G5: Andres Rabanales | H5: Operador | I5: 46031.649 | J5: =VLOOKUP(C5,'base de datos'!L5:M1216,2,FALSE) -> Tijeras | K5: 4
A6: 5 | B6: 5 | C6: =D6&G6 -> 4Anthony Campos | D6: 4 | E6: Preventivo | F6: Alta | G6: Anthony Campos | H6: Mecánico | I6: 46032.649 | J6: =VLOOKUP(C6,'base de datos'!L6:M1217,2,FALSE) -> Ishin | K6: 5
A7: 6 | B7: 6 | C7: =D7&G7 -> 19Anthony Campos | D7: 19 | E7: Preventivo | F7: Alta | G7: Anthony Campos | H7: Mecánico | I7: 46033.649 | J7: =VLOOKUP(C7,'base de datos'!L7:M1218,2,FALSE) -> Ishin | K7: 6
A8: 7 | B8: 7 | C8: =D8&G8 -> 46Anthony Campos | D8: 46 | E8: Preventivo | F8: Alta | G8: Anthony Campos | H8: Mecánico | I8: 46034.649 | J8: =VLOOKUP(C8,'base de datos'!L8:M1219,2,FALSE) -> Golden Smart 220 | K8: 7
A9: 8 | B9: 8 | C9: =D9&G9 -> 47Anthony Campos | D9: 47 | E9: Preventivo | F9: Alta | G9: Anthony Campos | H9: Mecánico | I9: 46035.649 | J9: =VLOOKUP(C9,'base de datos'!L9:M1220,2,FALSE) -> Ishin | K9: 8
A10: 9 | B10: 9 | C10: =D10&G10 -> 52Anthony Campos | D10: 52 | E10: Preventivo | F10: Alta | G10: Anthony Campos | H10: Mecánico | I10: 46036.649 | J10: =VLOOKUP(C10,'base de datos'!L10:M1221,2,FALSE) -> Ishin | K10: 9
A11: 10 | B11: 10 | C11: =D11&G11 -> 79Anthony Campos | D11: 79 | E11: Preventivo | F11: Alta | G11: Anthony Campos | H11: Mecánico | I11: 46037.649 | J11: =VLOOKUP(C11,'base de datos'!L11:M1222,2,FALSE) -> Ishin | K11: 10
A12: 11 | B12: 11 | C12: =D12&G12 -> 106Anthony Campos | D12: 106 | E12: Preventivo | F12: Alta | G12: Anthony Campos | H12: Mecánico | I12: 46038.649 | J12: =VLOOKUP(C12,'base de datos'!L12:M1223,2,FALSE) -> Ishin | K12: 11
A13: 12 | B13: 12 | C13: =D13&G13 -> 110Anthony Campos | D13: 110 | E13: Preventivo | F13: Alta | G13: Anthony Campos | H13: Mecánico | I13: 46039.649 | J13: =VLOOKUP(C13,'base de datos'!L13:M1224,2,FALSE) -> Ishin | K13: 12
... A17: 16 | B17: 16 | C17: =D17&G17 -> 203Anthony Campos | D17: 203 | E17: Preventivo | F17: Alta | G17: Anthony Campos | H17: Mecánico | I17: 46043.649 | J17: =VLOOKUP(C17,'base de datos'!L17:M1228,2,FALSE) -> Envase Pequeño | K17: 16
A18: 17 | B18: 17 | C18: =D18&G18 -> 204Anthony Campos | D18: 204 | E18: Preventivo | F18: Alta | G18: Anthony Campos | H18: Mecánico | I18: 46044.649 | J18: Envase Pequeño | K18: 17
A19: 18 | B19: 18 | C19: =D19&G19 -> 205Anthony Campos | D19: 205 | E19: Preventivo | F19: Alta | G19: Anthony Campos | H19: Mecánico | I19: 46045.649 | J19: =VLOOKUP(C19,'base de datos'!L19:M1230,2,FALSE) -> Envase Rectangular | K19: 18
A20: 19 | B20: 19 | C20: =D20&G20 -> 207Anthony Campos | D20: 207 | E20: Preventivo | F20: Alta | G20: Anthony Campos | H20: Mecánico | I20: 46046.649 | J20: =VLOOKUP(C20,'base de datos'!L20:M1231,2,FALSE) -> Envase Rectangular | K20: 19
A21: 20 | B21: 20 | C21: =D21&G21 -> 208Anthony Campos | D21: 208 | E21: Preventivo | F21: Alta | G21: Anthony Campos | H21: Mecánico | I21: 46047.649 | J21: =VLOOKUP(C21,'base de datos'!L21:M1232,2,FALSE) -> Envase Rectangular | K21: 20
A22: 21 | B22: 21 | C22: =D22&G22 -> 2Bezalel Mendoza | D22: 2 | E22: Preventivo | F22: Alta | G22: Bezalel Mendoza | H22: Electricista | I22: 46048.649 | J22: =VLOOKUP(C22,'base de datos'!L22:M1233,2,FALSE) -> Smag | K22: 21
A23: 22 | B23: 22 | C23: =D23&G23 -> 4Bezalel Mendoza | D23: 4 | E23: Preventivo | F23: Alta | G23: Bezalel Mendoza | H23: Electricista | I23: 46049.649 | J23: =VLOOKUP(C23,'base de datos'!L23:M1234,2,FALSE) -> Ishin | K23: 22
A24: 23 | B24: 23 | C24: =D24&G24 -> 5Bezalel Mendoza | D24: 5 | E24: Preventivo | F24: Alta | G24: Bezalel Mendoza | H24: Electricista | I24: 46050.649 | J24: =VLOOKUP(C24,'base de datos'!L24:M1235,2,FALSE) -> Golden Smart 220 | K24: 23
A25: 24 | B25: 24 | C25: =D25&G25 -> 10Bezalel Mendoza | D25: 10 | E25: Preventivo | F25: Alta | G25: Bezalel Mendoza | H25: Electricista | I25: 46051.649 | J25: =VLOOKUP(C25,'base de datos'!L25:M1236,2,FALSE) -> Golden Smart 220 | K25: 24
A26: 25 | B26: 25 | C26: =D26&G26 -> 19Bezalel Mendoza | D26: 19 | E26: Preventivo | F26: Alta | G26: Bezalel Mendoza | H26: Electricista | I26: 46052.649 | J26: =VLOOKUP(C26,'base de datos'!L26:M1237,2,FALSE) -> Ishin | K26: 25
A27: 26 | B27: 26 | C27: =D27&G27 -> 20Bezalel Mendoza | D27: 20 | E27: Preventivo | F27: Alta | G27: Bezalel Mendoza | H27: Electricista | I27: 46053.649 | J27: =VLOOKUP(C27,'base de datos'!L27:M1238,2,FALSE) -> Compresores | K27: 26
A28: 27 | B28: 27 | C28: =D28&G28 -> 21Bezalel Mendoza | D28: 21 | E28: Preventivo | F28: Alta | G28: Bezalel Mendoza | H28: Electricista | I28: 46054.649 | J28: =VLOOKUP(C28,'base de datos'!L28:M1239,2,FALSE) -> Compresores | K28: 27
A29: 28 | B29: 28 | C29: =D29&G29 -> 23Bezalel Mendoza | D29: 23 | E29: Preventivo | F29: Alta | G29: Bezalel Mendoza | H29: Electricista | I29: 46055.649 | J29: =VLOOKUP(C29,'base de datos'!L29:M1240,2,FALSE) -> Bibra | K29: 28
A30: 29 | B30: 29 | C30: =D30&G30 -> 25Bezalel Mendoza | D30: 25 | E30: Preventivo | F30: Alta | G30: Bezalel Mendoza | H30: Electricista | I30: 46056.649 | J30: =VLOOKUP(C30,'base de datos'!L30:M1241,2,FALSE) -> CNC 3 | K30: 29
... A222: 221 | B222: 221 | C222: =D222&G222 -> 156Willy Chic | D222: 156 | E222: Preventivo | F222: Alta | G222: Willy Chic | H222: Mecánico | I222: 46248.649 | J222: =VLOOKUP(C222,'base de datos'!L222:M1433,2,FALSE) -> Bibra | K222: 221

Sheet general
B2: Equipo | C2: frecuencia | D2: Actividad | E2: Prioridad | F2: Duración | G2: Area | H2: Linea 1 | I2: Linea 2 | J2: Linea 3 | K2: Linea 4 | L2: Linea 5
B3: Aplicador de Barniz Liquido | C3: 1 año | D3: Apretar zonas de transición de corriente atornilladas | E3: Alta | F3: 00 h 30 m | G3: lineas Automaticas | H3: Soudronic | I3: Smag | J3: Golden 220 | K3: Golden 110 | L3: Ishin
B4: Aplicador de Barniz Liquido | C4: 1 día | D4: Limpieza de aplicador de barniz | E4: Alta | F4: 00 h 05 m | G4: lineas Automaticas | H4: Soudronic | I4: Smag | J4: Golden 220 | K4: Golden 110 | L4: Ishin
B5: Aplicador de Barniz Liquido | C5: 1 mes | D5: Limpieza de guías, poleas y rodamientos de cintas transporte | E5: Alta | F5: 00 h 05 m | G5: lineas Automaticas | H5: Soudronic | I5: Smag | J5: Golden 220 | K5: Golden 110 | L5: Ishin
B6: Aplicador de Barniz Liquido | C6: 1 año | D6: Limpieza de mandos electrónicos | E6: Alta | F6: 00 h 30 m | G6: lineas Automaticas | H6: Soudronic | I6: Smag | J6: Golden 220 | K6: Golden 110 | L6: Ishin
B7: Aplicador de Barniz Liquido | C7: 1 año | D7: Limpieza general de paneles eléctricos | E7: Media | F7: 00 h 30 m | G7: lineas Automaticas | H7: Soudronic | I7: Smag | J7: Golden 220 | K7: Golden 110 | L7: Ishin
B8: Aplicador de Barniz Liquido | C8: 1 semana | D8: Lubricacion general | E8: Alta | F8: 00 h 05 m | G8: lineas Automaticas | H8: Soudronic | I8: Smag | J8: Golden 220 | K8: Golden 110 | L8: Ishin
B9: Aplicador de Barniz Liquido | C9: 1 año | D9: Revisión de motor | E9: Alta | F9: 00 h 30 m | G9: lineas Automaticas | H9: Soudronic | I9: Smag | J9: Golden 220 | K9: Golden 110 | L9: Ishin
B10: Aplicador de Barniz Liquido | C10: 1 semana | D10: Verificación de fugas en el sistema neumático | E10: Media | F10: 00 h 05 m | G10: lineas Automaticas | H10: Soudronic | I10: Smag | J10: Golden 220 | K10: Golden 110 | L10: Ishin
B11: Aplicador de Barniz polvo | C11: 1 año | D11: Apretar zonas de transición de corriente atornilladas | E11: Alta | F11: 01 h 00 m | G11: lineas Automaticas | H11: Soudronic | I11: Smag | J11: Golden 220 | K11: Golden 110 | L11: No aplica
B12: Aplicador de Barniz polvo | C12: 1 día | D12: Limpieza de brazo aplicador de polvo | E12: Alta | F12: 00 h 02 m | G12: lineas Automaticas | H12: Soudronic | I12: Smag | J12: Golden 220 | K12: Golden 110 | L12: No aplica
B13: Aplicador de Barniz polvo | C13: 2 mes | D13: Limpieza de filtros de bomba de bacio | E13: Alta | F13: 01 h 00 m | G13: lineas Automaticas | H13: Soudronic | I13: Smag | J13: Golden 220 | K13: Golden 110 | L13: No aplica
... B246: venadora | C246: 1 mes | D246: Verificación de cadena de rodillos | E246: Alta | F246: 01 h 00 m | G246: lineas Automaticas | H246: No Aplica | I246: No Aplica | J246: No Aplica | K246: No Aplica | L246: Ishin
B247: Verificadora de fugas | C247: 1 mes | D247: Comprobación y Verificación de bandas de entrada | E247: #VALUE! | F247: 00 h 00 m | G247: lineas Automaticas | H247: Envase Rectangular | I247: No Aplica | J247: No Aplica | K247: No Aplica | L247: No aplica
B248: Verificadora de fugas | C248: 2 día | D248: Comprobación y Verificación de bandas de transición | E248: #VALUE! | F248: 00 h 00 m | G248: lineas Automaticas | H248: Envase Rectangular | I248: No Aplica | J248: No Aplica | K248: No Aplica | L248: No aplica
B249: Verificadora de fugas | C249: 1 mes | D249: Comprobación y Verificación de boquillas de presión de aire | E249: #VALUE! | F249: 00 h 00 m | G249: lineas Automaticas | H249: Envase Rectangular | I249: No Aplica | J249: No Aplica | K249: No Aplica | L249: No aplica
B250: Verificadora de fugas | C250: 1 mes | D250: Limpieza de mandos electricos | E250: #VALUE! | F250: 00 h 00 m | G250: lineas Automaticas | H250: Envase Rectangular | I250: No Aplica | J250: No Aplica | K250: No Aplica | L250: No aplica
B251: Verificadora de fugas | C251: 1 mes | D251: Limpieza General de paneles electricos | E251: #VALUE! | F251: 00 h 00 m | G251: lineas Automaticas | H251: Envase Rectangular | I251: No Aplica | J251: No Aplica | K251: No Aplica | L251: No aplica
B252: Verificadora de fugas | C252: 1 semana | D252: Lubricación de cadena motriz | E252: #VALUE! | F252: 00 h 00 m | G252: lineas Automaticas | H252: Envase Rectangular | I252: No Aplica | J252: No Aplica | K252: No Aplica | L252: No aplica
B253: Verificadora de fugas | C253: 2 día | D253: Verificación de fugas del sistema neumatico | E253: #VALUE! | F253: 00 h 20 m | G253: lineas Automaticas | H253: Envase Rectangular | I253: No Aplica | J253: No Aplica | K253: No Aplica | L253: No aplica
B254: Verificadora de fugas | C254: 2 día | D254: Verificacion de funcionamiento de cilindros neumaticos | E254: #VALUE! | F254: 00 h 00 m | G254: lineas Automaticas | H254: Envase Rectangular | I254: No Aplica | J254: No Aplica | K254: No Aplica | L254: No aplica
B255: Verificadora de fugas | C255: 2 día | D255: Verificacion de tensión de cadena motriz | E255: #VALUE! | F255: 00 h 00 m | G255: lineas Automaticas | H255: Envase Rectangular | I255: No Aplica | J255: No Aplica | K255: No Aplica | L255: No aplica
B256: Alimentador | C256: 1 año | D256: Apretar zonas de transición de corriente atornilladas | E256: Alta | F256: 01 h 00 m | G256: prensas automaticas | H256: BIBRA | I256: CNC 2 | J256: CNC 3 | K256: No Aplica | L256: No aplica
B257: Alimentador | C257: 1 semana | D257: Comprobación de fugas en el sistema neumático e hidráulico | E257: Alta | F257: 00 h 30 m | G257: prensas automaticas | H257: BIBRA | I257: CNC 2 | J257: CNC 3 | K257: No Aplica | L257: No aplica
B258: Alimentador | C258: 2 mes | D258: Engrasado de guía circular de la mesa de alineación | E258: Alta | F258: 00 h 20 m | G258: prensas automaticas | H258: BIBRA | I258: CNC 2 | J258: CNC 3 | K258: No Aplica | L258: No aplica
B259: Alimentador | C259: 1 día | D259: Limpieza de apilador de laminas | E259: Alta | F259: 00 h 02 m | G259: prensas automaticas | H259: BIBRA | I259: CNC 2 | J259: CNC 3 | K259: No Aplica | L259: No aplica
B260: Alimentador | C260: 1 día | D260: Limpieza de brazos de sujeción de láminas | E260: Alta | F260: 00 h 02 m | G260: prensas automaticas | H260: BIBRA | I260: CNC 2 | J260: CNC 3 | K260: No Aplica | L260: No aplica
B261: Alimentador | C261: 1 año | D261: Limpieza de mandos electrónicos | E261: Alta | F261: 01 h 00 m | G261: prensas automaticas | H261: BIBRA | I261: CNC 2 | J261: CNC 3 | K261: No Aplica | L261: No aplica
B262: Alimentador | C262: 1 año | D262: Limpieza general de paneles eléctricos | E262: Alta | F262: 01 h 00 m | G262: prensas automaticas | H262: BIBRA | I262: CNC 2 | J262: CNC 3 | K262: No Aplica | L262: No aplica
B263: Alimentador | C263: 1 mes | D263: Lubricacion de transportador de entrada | E263: Alta | F263: 00 h 25 m | G263: prensas automaticas | H263: BIBRA | I263: CNC 2 | J263: CNC 3 | K263: No Aplica | L263: No aplica
B264: Alimentador | C264: 1 año | D264: Revisión de bomba de lubricación e hidráulico | E264: Alta | F264: 01 h 20 m | G264: prensas automaticas | H264: BIBRA | I264: CNC 2 | J264: CNC 3 | K264: No Aplica | L264: No aplica
B265: Alimentador | C265: 1 año | D265: Revisión de motores | E265: Alta | F265: 01 h 20 m | G265: prensas automaticas | H265: BIBRA | I265: CNC 2 | J265: CNC 3 | K265: No Aplica | L265: No aplica
B266: Alimentador | C266: 2 mes | D266: Revisión y comprobación de elevador de láminas | E266: Alta | F266: 00 h 20 m | G266: prensas automaticas | H266: BIBRA | I266: CNC 2 | J266: CNC 3 | K266: No Aplica | L266: No aplica
B267: Alimentador | C267: 1 mes | D267: Verificación de nivel de aceite hidráulico | E267: Alta | F267: 00 h 10 m | G267: prensas automaticas | H267: BIBRA | I267: CNC 2 | J267: CNC 3 | K267: No Aplica | L267: No aplica
... B368: Montacargas | C368: 1 semana | D368: Verificar nivel de aceite, agregar de ser necesario | E368: Alta | F368: 00 h 02 m | G368: Equipos Auxiliares | H368: Xilin 1 | I368: No Aplica | J368: No Aplica | K368: No Aplica | L368: No aplica

Sheet Actividades
A1: numero_ot | B1: codigo_actividad | C1: Prioridad | D1: id | E1: frecuencia_new | F1: dia_semana | G1: semana_mes | H1: mes | I1: dia_mes | J1: actividad | K1: duracion | L1: Duración | M1: Area | N1: Linea | O1: Resposable | P1: observaciones | Q1: fecha_creacion | R1: frecuencia | V1: aux | W1: numero_ot
A2: =VLOOKUP(T2,$V$2:$W$222,2,FALSE) -> 28 | B2: AS01 | C2: Alta | D2: 23 | E2: =IF(Tabla142[[#This Row],[frecuencia]]="1 año","Anual",IF(Tabla142[[#This Row],[frecuencia]]="1 semana","Semanal",IF(Tabla142[[#This Row],[frecuencia]]="Quincenal",Tabla142[[#This Row],[frecuencia]],IF(Tabla142[[#This Row],[frecuencia]]="1 mes","Mensual",IF(Tabla142[[#This Row],[frecuencia]]="3 mes","Trimestral",IF(Tabla142[[#This Row],[frecuencia]]="6 mes","Semestral",IF(Tabla142[[#This Row],[frecuencia]]="1 día","Diaria",IF(Tabla142[[#This Row],[frecuencia]]="1 mes(es)","Mensual",IF(Tabla142[[#This Row],[frecuencia]]="1 semana(s)","Semanal","Horas"))))))))) -> Anual | F2: =IF(Tabla142[[#This Row],[frecuencia_new]]="Diaria"," ",RANDBETWEEN(1,6)) -> 5 | G2: =IF(Tabla142[[#This Row],[frecuencia_new]]="Diaria","",IF(Tabla142[[#This Row],[frecuencia_new]]="Semanal","",IF(Tabla142[[#This Row],[frecuencia_new]]="Quincenal",RANDBETWEEN(1,2),RANDBETWEEN(1,4)))) -> 1 | H2: =IF(Tabla142[[#This Row],[frecuencia_new]]="Trimestral",RANDBETWEEN(1,3),IF(Tabla142[[#This Row],[frecuencia_new]]="Semestral",RANDBETWEEN(1,6),IF(Tabla142[[#This Row],[frecuencia_new]]="Anual",RANDBETWEEN(1,12),""))) -> 9 | J2: Apretar zonas de transición de corriente atornilladas | K2: =SUM(MID(Tabla142[[#This Row],[Duración]],1,2)*60,MID(Tabla142[[#This Row],[Duración]],6,2)) -> 60 | L2: 01 h 00 m | M2: prensas automaticas | N2: Bibra | O2: Bezalel Mendoza | P2: Electricista | Q2: 46032.649 | R2: 1 año | T2: 23Bezalel Mendoza | V2: 1Alexander Rabanales | W2: 1
A3: =VLOOKUP(T3,$V$2:$W$222,2,FALSE) -> 28 | B3: AS02 | C3: Alta | D3: 23 | E3: =IF(Tabla142[[#This Row],[frecuencia]]="1 año","Anual",IF(Tabla142[[#This Row],[frecuencia]]="1 semana","Semanal",IF(Tabla142[[#This Row],[frecuencia]]="Quincenal",Tabla142[[#This Row],[frecuencia]],IF(Tabla142[[#This Row],[frecuencia]]="1 mes","Mensual",IF(Tabla142[[#This Row],[frecuencia]]="3 mes","Trimestral",IF(Tabla142[[#This Row],[frecuencia]]="6 mes","Semestral",IF(Tabla142[[#This Row],[frecuencia]]="1 día","Diaria",IF(Tabla142[[#This Row],[frecuencia]]="1 mes(es)","Mensual",IF(Tabla142[[#This Row],[frecuencia]]="1 semana(s)","Semanal","Horas"))))))))) -> Anual | F3: =IF(Tabla142[[#This Row],[frecuencia_new]]="Diaria"," ",RANDBETWEEN(1,6)) -> 2 | G3: =IF(Tabla142[[#This Row],[frecuencia_new]]="Diaria","",IF(Tabla142[[#This Row],[frecuencia_new]]="Semanal","",IF(Tabla142[[#This Row],[frecuencia_new]]="Quincenal",RANDBETWEEN(1,2),RANDBETWEEN(1,4)))) -> 4 | H3: =IF(Tabla142[[#This Row],[frecuencia_new]]="Trimestral",RANDBETWEEN(1,3),IF(Tabla142[[#This Row],[frecuencia_new]]="Semestral",RANDBETWEEN(1,6),IF(Tabla142[[#This Row],[frecuencia_new]]="Anual",RANDBETWEEN(1,12),""))) -> 10 | J3: Limpieza de mandos electrónicos | K3: =SUM(MID(Tabla142[[#This Row],[Duración]],1,2)*60,MID(Tabla142[[#This Row],[Duración]],6,2)) -> 60 | L3: 01 h 00 m | M3: prensas automaticas | N3: Bibra | O3: Bezalel Mendoza | P3: Electricista | Q3: 46032.649 | R3: 1 año | T3: 23Bezalel Mendoza | V3: 6Alexander Rabanales | W3: 2
A4: =VLOOKUP(T4,$V$2:$W$222,2,FALSE) -> 28 | B4: AS03 | C4: Alta | D4: 23 | E4: =IF(Tabla142[[#This Row],[frecuencia]]="1 año","Anual",IF(Tabla142[[#This Row],[frecuencia]]="1 semana","Semanal",IF(Tabla142[[#This Row],[frecuencia]]="Quincenal",Tabla142[[#This Row],[frecuencia]],IF(Tabla142[[#This Row],[frecuencia]]="1 mes","Mensual",IF(Tabla142[[#This Row],[frecuencia]]="3 mes","Trimestral",IF(Tabla142[[#This Row],[frecuencia]]="6 mes","Semestral",IF(Tabla142[[#This Row],[frecuencia]]="1 día","Diaria",IF(Tabla142[[#This Row],[frecuencia]]="1 mes(es)","Mensual",IF(Tabla142[[#This Row],[frecuencia]]="1 semana(s)","Semanal","Horas"))))))))) -> Anual | F4: =IF(Tabla142[[#This Row],[frecuencia_new]]="Diaria"," ",RANDBETWEEN(1,6)) -> 3 | G4: =IF(Tabla142[[#This Row],[frecuencia_new]]="Diaria","",IF(Tabla142[[#This Row],[frecuencia_new]]="Semanal","",IF(Tabla142[[#This Row],[frecuencia_new]]="Quincenal",RANDBETWEEN(1,2),RANDBETWEEN(1,4)))) -> 4 | H4: =IF(Tabla142[[#This Row],[frecuencia_new]]="Trimestral",RANDBETWEEN(1,3),IF(Tabla142[[#This Row],[frecuencia_new]]="Semestral",RANDBETWEEN(1,6),IF(Tabla142[[#This Row],[frecuencia_new]]="Anual",RANDBETWEEN(1,12),""))) -> 11 | J4: Limpieza general de paneles eléctricos | K4: =SUM(MID(Tabla142[[#This Row],[Duración]],1,2)*60,MID(Tabla142[[#This Row],[Duración]],6,2)) -> 60 | L4: 01 h 00 m | M4: prensas automaticas | N4: Bibra | O4: Bezalel Mendoza | P4: Electricista | Q4: 46032.649 | R4: 1 año | T4: 23Bezalel Mendoza | V4: 49Alexander Rabanales | W4: 3
A5: =VLOOKUP(T5,$V$2:$W$222,2,FALSE) -> 28 | B5: AS04 | C5: Alta | D5: 23 | E5: =IF(Tabla142[[#This Row],[frecuencia]]="1 año","Anual",IF(Tabla142[[#This Row],[frecuencia]]="1 semana","Semanal",IF(Tabla142[[#This Row],[frecuencia]]="Quincenal",Tabla142[[#This Row],[frecuencia]],IF(Tabla142[[#This Row],[frecuencia]]="1 mes","Mensual",IF(Tabla142[[#This Row],[frecuencia]]="3 mes","Trimestral",IF(Tabla142[[#This Row],[frecuencia]]="6 mes","Semestral",IF(Tabla142[[#This Row],[frecuencia]]="1 día","Diaria",IF(Tabla142[[#This Row],[frecuencia]]="1 mes(es)","Mensual",IF(Tabla142[[#This Row],[frecuencia]]="1 semana(s)","Semanal","Horas"))))))))) -> Anual | F5: =IF(Tabla142[[#This Row],[frecuencia_new]]="Diaria"," ",RANDBETWEEN(1,6)) -> 1 | G5: =IF(Tabla142[[#This Row],[frecuencia_new]]="Diaria","",IF(Tabla142[[#This Row],[frecuencia_new]]="Semanal","",IF(Tabla142[[#This Row],[frecuencia_new]]="Quincenal",RANDBETWEEN(1,2),RANDBETWEEN(1,4)))) -> 2 | H5: =IF(Tabla142[[#This Row],[frecuencia_new]]="Trimestral",RANDBETWEEN(1,3),IF(Tabla142[[#This Row],[frecuencia_new]]="Semestral",RANDBETWEEN(1,6),IF(Tabla142[[#This Row],[frecuencia_new]]="Anual",RANDBETWEEN(1,12),""))) -> 7 | J5: Revisión de bomba de lubricación e hidráulico | K5: =SUM(MID(Tabla142[[#This Row],[Duración]],1,2)*60,MID(Tabla142[[#This Row],[Duración]],6,2)) -> 80 | L5: 01 h 20 m | M5: prensas automaticas | N5: Bibra | O5: Bezalel Mendoza | P5: Electricista | Q5: 46032.649 | R5: 1 año | T5: 23Bezalel Mendoza | V5: 123Andres Rabanales | W5: 4
A6: =VLOOKUP(T6,$V$2:$W$222,2,FALSE) -> 28 | B6: AS05 | C6: Alta | D6: 23 | E6: =IF(Tabla142[[#This Row],[frecuencia]]="1 año","Anual",IF(Tabla142[[#This Row],[frecuencia]]="1 semana","Semanal",IF(Tabla142[[#This Row],[frecuencia]]="Quincenal",Tabla142[[#This Row],[frecuencia]],IF(Tabla142[[#This Row],[frecuencia]]="1 mes","Mensual",IF(Tabla142[[#This Row],[frecuencia]]="3 mes","Trimestral",IF(Tabla142[[#This Row],[frecuencia]]="6 mes","Semestral",IF(Tabla142[[#This Row],[frecuencia]]="1 día","Diaria",IF(Tabla142[[#This Row],[frecuencia]]="1 mes(es)","Mensual",IF(Tabla142[[#This Row],[frecuencia]]="1 semana(s)","Semanal","Horas"))))))))) -> Anual | F6: =IF(Tabla142[[#This Row],[frecuencia_new]]="Diaria"," ",RANDBETWEEN(1,6)) -> 2 | G6: =IF(Tabla142[[#This Row],[frecuencia_new]]="Diaria","",IF(Tabla142[[#This Row],[frecuencia_new]]="Semanal","",IF(Tabla142[[#This Row],[frecuencia_new]]="Quincenal",RANDBETWEEN(1,2),RANDBETWEEN(1,4)))) -> 3 | H6: =IF(Tabla142[[#This Row],[frecuencia_new]]="Trimestral",RANDBETWEEN(1,3),IF(Tabla142[[#This Row],[frecuencia_new]]="Semestral",RANDBETWEEN(1,6),IF(Tabla142[[#This Row],[frecuencia_new]]="Anual",RANDBETWEEN(1,12),""))) -> 6 | J6: Revisión de motores | K6: =SUM(MID(Tabla142[[#This Row],[Duración]],1,2)*60,MID(Tabla142[[#This Row],[Duración]],6,2)) -> 80 | L6: 01 h 20 m | M6: prensas automaticas | N6: Bibra | O6: Bezalel Mendoza | P6: Electricista | Q6: 46032.649 | R6: 1 año | T6: 23Bezalel Mendoza | V6: 4Anthony Campos | W6: 5
A7: =VLOOKUP(T7,$V$2:$W$222,2,FALSE) -> 28 | B7: AS06 | C7: Alta | D7: 23 | E7: =IF(Tabla142[[#This Row],[frecuencia]]="1 año","Anual",IF(Tabla142[[#This Row],[frecuencia]]="1 semana","Semanal",IF(Tabla142[[#This Row],[frecuencia]]="Quincenal",Tabla142[[#This Row],[frecuencia]],IF(Tabla142[[#This Row],[frecuencia]]="1 mes","Mensual",IF(Tabla142[[#This Row],[frecuencia]]="3 mes","Trimestral",IF(Tabla142[[#This Row],[frecuencia]]="6 mes","Semestral",IF(Tabla142[[#This Row],[frecuencia]]="1 día","Diaria",IF(Tabla142[[#This Row],[frecuencia]]="1 mes(es)","Mensual",IF(Tabla142[[#This Row],[frecuencia]]="1 semana(s)","Semanal","Horas"))))))))) -> Anual | F7: =IF(Tabla142[[#This Row],[frecuencia_new]]="Diaria"," ",RANDBETWEEN(1,6)) -> 2 | G7: =IF(Tabla142[[#This Row],[frecuencia_new]]="Diaria","",IF(Tabla142[[#This Row],[frecuencia_new]]="Semanal","",IF(Tabla142[[#This Row],[frecuencia_new]]="Quincenal",RANDBETWEEN(1,2),RANDBETWEEN(1,4)))) -> 3 | H7: =IF(Tabla142[[#This Row],[frecuencia_new]]="Trimestral",RANDBETWEEN(1,3),IF(Tabla142[[#This Row],[frecuencia_new]]="Semestral",RANDBETWEEN(1,6),IF(Tabla142[[#This Row],[frecuencia_new]]="Anual",RANDBETWEEN(1,12),""))) -> 12 | J7: Apretar zonas de transición de corriente atornilladas | K7: =SUM(MID(Tabla142[[#This Row],[Duración]],1,2)*60,MID(Tabla142[[#This Row],[Duración]],6,2)) -> 60 | L7: 01 h 00 m | M7: prensas automaticas | N7: Bibra | O7: Bezalel Mendoza | P7: Electricista | Q7: 46032.649 | R7: 1 año | T7: 23Bezalel Mendoza | V7: 19Anthony Campos | W7: 6
A8: =VLOOKUP(T8,$V$2:$W$222,2,FALSE) -> 28 | B8: AS07 | C8: Alta | D8: 23 | E8: =IF(Tabla142[[#This Row],[frecuencia]]="1 año","Anual",IF(Tabla142[[#This Row],[frecuencia]]="1 semana","Semanal",IF(Tabla142[[#This Row],[frecuencia]]="Quincenal",Tabla142[[#This Row],[frecuencia]],IF(Tabla142[[#This Row],[frecuencia]]="1 mes","Mensual",IF(Tabla142[[#This Row],[frecuencia]]="3 mes","Trimestral",IF(Tabla142[[#This Row],[frecuencia]]="6 mes","Semestral",IF(Tabla142[[#This Row],[frecuencia]]="1 día","Diaria",IF(Tabla142[[#This Row],[frecuencia]]="1 mes(es)","Mensual",IF(Tabla142[[#This Row],[frecuencia]]="1 semana(s)","Semanal","Horas"))))))))) -> Anual | F8: =IF(Tabla142[[#This Row],[frecuencia_new]]="Diaria"," ",RANDBETWEEN(1,6)) -> 6 | G8: =IF(Tabla142[[#This Row],[frecuencia_new]]="Diaria","",IF(Tabla142[[#This Row],[frecuencia_new]]="Semanal","",IF(Tabla142[[#This Row],[frecuencia_new]]="Quincenal",RANDBETWEEN(1,2),RANDBETWEEN(1,4)))) -> 3 | H8: =IF(Tabla142[[#This Row],[frecuencia_new]]="Trimestral",RANDBETWEEN(1,3),IF(Tabla142[[#This Row],[frecuencia_new]]="Semestral",RANDBETWEEN(1,6),IF(Tabla142[[#This Row],[frecuencia_new]]="Anual",RANDBETWEEN(1,12),""))) -> 11 | J8: Limpieza de mandos electrónicos | K8: =SUM(MID(Tabla142[[#This Row],[Duración]],1,2)*60,MID(Tabla142[[#This Row],[Duración]],6,2)) -> 60 | L8: 01 h 00 m | M8: prensas automaticas | N8: Bibra | O8: Bezalel Mendoza | P8: Electricista | Q8: 46032.649 | R8: 1 año | T8: 23Bezalel Mendoza | V8: 46Anthony Campos | W8: 7
A9: =VLOOKUP(T9,$V$2:$W$222,2,FALSE) -> 28 | B9: AS08 | C9: Alta | D9: 23 | E9: =IF(Tabla142[[#This Row],[frecuencia]]="1 año","Anual",IF(Tabla142[[#This Row],[frecuencia]]="1 semana","Semanal",IF(Tabla142[[#This Row],[frecuencia]]="Quincenal",Tabla142[[#This Row],[frecuencia]],IF(Tabla142[[#This Row],[frecuencia]]="1 mes","Mensual",IF(Tabla142[[#This Row],[frecuencia]]="3 mes","Trimestral",IF(Tabla142[[#This Row],[frecuencia]]="6 mes","Semestral",IF(Tabla142[[#This Row],[frecuencia]]="1 día","Diaria",IF(Tabla142[[#This Row],[frecuencia]]="1 mes(es)","Mensual",IF(Tabla142[[#This Row],[frecuencia]]="1 semana(s)","Semanal","Horas"))))))))) -> Anual | F9: =IF(Tabla142[[#This Row],[frecuencia_new]]="Diaria"," ",RANDBETWEEN(1,6)) -> 3 | G9: =IF(Tabla142[[#This Row],[frecuencia_new]]="Diaria","",IF(Tabla142[[#This Row],[frecuencia_new]]="Semanal","",IF(Tabla142[[#This Row],[frecuencia_new]]="Quincenal",RANDBETWEEN(1,2),RANDBETWEEN(1,4)))) -> 2 | H9: =IF(Tabla142[[#This Row],[frecuencia_new]]="Trimestral",RANDBETWEEN(1,3),IF(Tabla142[[#This Row],[frecuencia_new]]="Semestral",RANDBETWEEN(1,6),IF(Tabla142[[#This Row],[frecuencia_new]]="Anual",RANDBETWEEN(1,12),""))) -> 8 | J9: Limpieza general de paneles eléctricos | K9: =SUM(MID(Tabla142[[#This Row],[Duración]],1,2)*60,MID(Tabla142[[#This Row],[Duración]],6,2)) -> 60 | L9: 01 h 00 m | M9: prensas automaticas | N9: Bibra | O9: Bezalel Mendoza | P9: Electricista | Q9: 46032.649 | R9: 1 año | T9: 23Bezalel Mendoza | V9: 47Anthony Campos | W9: 8
A10: =VLOOKUP(T10,$V$2:$W$222,2,FALSE) -> 28 | B10: AS09 | C10: Alta | D10: 23 | E10: =IF(Tabla142[[#This Row],[frecuencia]]="1 año","Anual",IF(Tabla142[[#This Row],[frecuencia]]="1 semana","Semanal",IF(Tabla142[[#This Row],[frecuencia]]="Quincenal",Tabla142[[#This Row],[frecuencia]],IF(Tabla142[[#This Row],[frecuencia]]="1 mes","Mensual",IF(Tabla142[[#This Row],[frecuencia]]="3 mes","Trimestral",IF(Tabla142[[#This Row],[frecuencia]]="6 mes","Semestral",IF(Tabla142[[#This Row],[frecuencia]]="1 día","Diaria",IF(Tabla142[[#This Row],[frecuencia]]="1 mes(es)","Mensual",IF(Tabla142[[#This Row],[frecuencia]]="1 semana(s)","Semanal","Horas"))))))))) -> Anual | F10: =IF(Tabla142[[#This Row],[frecuencia_new]]="Diaria"," ",RANDBETWEEN(1,6)) -> 1 | G10: =IF(Tabla142[[#This Row],[frecuencia_new]]="Diaria","",IF(Tabla142[[#This Row],[frecuencia_new]]="Semanal","",IF(Tabla142[[#This Row],[frecuencia_new]]="Quincenal",RANDBETWEEN(1,2),RANDBETWEEN(1,4)))) -> 3 | H10: =IF(Tabla142[[#This Row],[frecuencia_new]]="Trimestral",RANDBETWEEN(1,3),IF(Tabla142[[#This Row],[frecuencia_new]]="Semestral",RANDBETWEEN(1,6),IF(Tabla142[[#This Row],[frecuencia_new]]="Anual",RANDBETWEEN(1,12),""))) -> 2 | J10: Revisión de bomba de lubricación e hidráulico | K10: =SUM(MID(Tabla142[[#This Row],[Duración]],1,2)*60,MID(Tabla142[[#This Row],[Duración]],6,2)) -> 80 | L10: 01 h 20 m | M10: prensas automaticas | N10: Bibra | O10: Bezalel Mendoza | P10: Electricista | Q10: 46032.649 | R10: 1 año | T10: 23Bezalel Mendoza | V10: 52Anthony Campos | W10: 9
A11: =VLOOKUP(T11,$V$2:$W$222,2,FALSE) -> 28 | B11: AS10 | C11: Alta | D11: 23 | E11: =IF(Tabla142[[#This Row],[frecuencia]]="1 año","Anual",IF(Tabla142[[#This Row],[frecuencia]]="1 semana","Semanal",IF(Tabla142[[#This Row],[frecuencia]]="Quincenal",Tabla142[[#This Row],[frecuencia]],IF(Tabla142[[#This Row],[frecuencia]]="1 mes","Mensual",IF(Tabla142[[#This Row],[frecuencia]]="3 mes","Trimestral",IF(Tabla142[[#This Row],[frecuencia]]="6 mes","Semestral",IF(Tabla142[[#This Row],[frecuencia]]="1 día","Diaria",IF(Tabla142[[#This Row],[frecuencia]]="1 mes(es)","Mensual",IF(Tabla142[[#This Row],[frecuencia]]="1 semana(s)","Semanal","Horas"))))))))) -> Anual | F11: =IF(Tabla142[[#This Row],[frecuencia_new]]="Diaria"," ",RANDBETWEEN(1,6)) -> 4 | G11: =IF(Tabla142[[#This Row],[frecuencia_new]]="Diaria","",IF(Tabla142[[#This Row],[frecuencia_new]]="Semanal","",IF(Tabla142[[#This Row],[frecuencia_new]]="Quincenal",RANDBETWEEN(1,2),RANDBETWEEN(1,4)))) -> 3 | H11: =IF(Tabla142[[#This Row],[frecuencia_new]]="Trimestral",RANDBETWEEN(1,3),IF(Tabla142[[#This Row],[frecuencia_new]]="Semestral",RANDBETWEEN(1,6),IF(Tabla142[[#This Row],[frecuencia_new]]="Anual",RANDBETWEEN(1,12),""))) -> 7 | J11: Revisión de motores | K11: =SUM(MID(Tabla142[[#This Row],[Duración]],1,2)*60,MID(Tabla142[[#This Row],[Duración]],6,2)) -> 80 | L11: 01 h 20 m | M11: prensas automaticas | N11: Bibra | O11: Bezalel Mendoza | P11: Electricista | Q11: 46032.649 | R11: 1 año | T11: 23Bezalel Mendoza | V11: 79Anthony Campos | W11: 10
A12: =VLOOKUP(T12,$V$2:$W$222,2,FALSE) -> 28 | B12: AS11 | C12: Alta | D12: 23 | E12: =IF(Tabla142[[#This Row],[frecuencia]]="1 año","Anual",IF(Tabla142[[#This Row],[frecuencia]]="1 semana","Semanal",IF(Tabla142[[#This Row],[frecuencia]]="Quincenal",Tabla142[[#This Row],[frecuencia]],IF(Tabla142[[#This Row],[frecuencia]]="1 mes","Mensual",IF(Tabla142[[#This Row],[frecuencia]]="3 mes","Trimestral",IF(Tabla142[[#This Row],[frecuencia]]="6 mes","Semestral",IF(Tabla142[[#This Row],[frecuencia]]="1 día","Diaria",IF(Tabla142[[#This Row],[frecuencia]]="1 mes(es)","Mensual",IF(Tabla142[[#This Row],[frecuencia]]="1 semana(s)","Semanal","Horas"))))))))) -> Anual | F12: =IF(Tabla142[[#This Row],[frecuencia_new]]="Diaria"," ",RANDBETWEEN(1,6)) -> 1 | G12: =IF(Tabla142[[#This Row],[frecuencia_new]]="Diaria","",IF(Tabla142[[#This Row],[frecuencia_new]]="Semanal","",IF(Tabla142[[#This Row],[frecuencia_new]]="Quincenal",RANDBETWEEN(1,2),RANDBETWEEN(1,4)))) -> 3 | H12: =IF(Tabla142[[#This Row],[frecuencia_new]]="Trimestral",RANDBETWEEN(1,3),IF(Tabla142[[#This Row],[frecuencia_new]]="Semestral",RANDBETWEEN(1,6),IF(Tabla142[[#This Row],[frecuencia_new]]="Anual",RANDBETWEEN(1,12),""))) -> 3 | J12: Apretar zonas de transición de corriente atornilladas | K12: =SUM(MID(Tabla142[[#This Row],[Duración]],1,2)*60,MID(Tabla142[[#This Row],[Duración]],6,2)) -> 60 | L12: 01 h 00 m | M12: prensas automaticas | N12: Bibra | O12: Bezalel Mendoza | P12: Electricista | Q12: 46032.649 | R12: 1 año | T12: 23Bezalel Mendoza | V12: 106Anthony Campos | W12: 11
A13: =VLOOKUP(T13,$V$2:$W$222,2,FALSE) -> 28 | B13: AS12 | C13: Alta | D13: 23 | E13: =IF(Tabla142[[#This Row],[frecuencia]]="1 año","Anual",IF(Tabla142[[#This Row],[frecuencia]]="1 semana","Semanal",IF(Tabla142[[#This Row],[frecuencia]]="Quincenal",Tabla142[[#This Row],[frecuencia]],IF(Tabla142[[#This Row],[frecuencia]]="1 mes","Mensual",IF(Tabla142[[#This Row],[frecuencia]]="3 mes","Trimestral",IF(Tabla142[[#This Row],[frecuencia]]="6 mes","Semestral",IF(Tabla142[[#This Row],[frecuencia]]="1 día","Diaria",IF(Tabla142[[#This Row],[frecuencia]]="1 mes(es)","Mensual",IF(Tabla142[[#This Row],[frecuencia]]="1 semana(s)","Semanal","Horas"))))))))) -> Anual | F13: =IF(Tabla142[[#This Row],[frecuencia_new]]="Diaria"," ",RANDBETWEEN(1,6)) -> 5 | G13: =IF(Tabla142[[#This Row],[frecuencia_new]]="Diaria","",IF(Tabla142[[#This Row],[frecuencia_new]]="Semanal","",IF(Tabla142[[#This Row],[frecuencia_new]]="Quincenal",RANDBETWEEN(1,2),RANDBETWEEN(1,4)))) -> 3 | H13: =IF(Tabla142[[#This Row],[frecuencia_new]]="Trimestral",RANDBETWEEN(1,3),IF(Tabla142[[#This Row],[frecuencia_new]]="Semestral",RANDBETWEEN(1,6),IF(Tabla142[[#This Row],[frecuencia_new]]="Anual",RANDBETWEEN(1,12),""))) -> 7 | J13: Limpieza de mandos electrónicos | K13: =SUM(MID(Tabla142[[#This Row],[Duración]],1,2)*60,MID(Tabla142[[#This Row],[Duración]],6,2)) -> 60 | L13: 01 h 00 m | M13: prensas automaticas | N13: Bibra | O13: Bezalel Mendoza | P13: Electricista | Q13: 46032.649 | R13: 1 año | T13: 23Bezalel Mendoza | V13: 110Anthony Campos | W13: 12
... A222: =VLOOKUP(T222,$V$2:$W$222,2,FALSE) -> 172 | B222: AS221 | C222: Alta | D222: 98 | E222: =IF(Tabla142[[#This Row],[frecuencia]]="1 año","Anual",IF(Tabla142[[#This Row],[frecuencia]]="1 semana","Semanal",IF(Tabla142[[#This Row],[frecuencia]]="Quincenal",Tabla142[[#This Row],[frecuencia]],IF(Tabla142[[#This Row],[frecuencia]]="1 mes","Mensual",IF(Tabla142[[#This Row],[frecuencia]]="3 mes","Trimestral",IF(Tabla142[[#This Row],[frecuencia]]="6 mes","Semestral",IF(Tabla142[[#This Row],[frecuencia]]="1 día","Diaria",IF(Tabla142[[#This Row],[frecuencia]]="1 mes(es)","Mensual",IF(Tabla142[[#This Row],[frecuencia]]="1 semana(s)","Semanal","Horas"))))))))) -> Diaria | F222: =IF(Tabla142[[#This Row],[frecuencia_new]]="Diaria"," ",RANDBETWEEN(1,6)) | G222: =IF(Tabla142[[#This Row],[frecuencia_new]]="Diaria","",IF(Tabla142[[#This Row],[frecuencia_new]]="Semanal","",IF(Tabla142[[#This Row],[frecuencia_new]]="Quincenal",RANDBETWEEN(1,2),RANDBETWEEN(1,4)))) | H222: =IF(Tabla142[[#This Row],[frecuencia_new]]="Trimestral",RANDBETWEEN(1,3),IF(Tabla142[[#This Row],[frecuencia_new]]="Semestral",RANDBETWEEN(1,6),IF(Tabla142[[#This Row],[frecuencia_new]]="Anual",RANDBETWEEN(1,12),""))) | J222: Limpieza de los carriles de guía | K222: =SUM(MID(Tabla142[[#This Row],[Duración]],1,2)*60,MID(Tabla142[[#This Row],[Duración]],6,2)) -> 2 | L222: 00 h 02 m | M222: prensas automaticas | N222: CNC 3 | O222: Joel Vasquez | P222: Operador | Q222: 46032.649 | R222: 1 día | T222: 98Joel Vasquez | V222: 156Willy Chic | W222: 221
A223: =VLOOKUP(T223,$V$2:$W$222,2,FALSE) -> 172 | B223: AS222 | C223: Alta | D223: 98 | E223: =IF(Tabla142[[#This Row],[frecuencia]]="1 año","Anual",IF(Tabla142[[#This Row],[frecuencia]]="1 semana","Semanal",IF(Tabla142[[#This Row],[frecuencia]]="Quincenal",Tabla142[[#This Row],[frecuencia]],IF(Tabla142[[#This Row],[frecuencia]]="1 mes","Mensual",IF(Tabla142[[#This Row],[frecuencia]]="3 mes","Trimestral",IF(Tabla142[[#This Row],[frecuencia]]="6 mes","Semestral",IF(Tabla142[[#This Row],[frecuencia]]="1 día","Diaria",IF(Tabla142[[#This Row],[frecuencia]]="1 mes(es)","Mensual",IF(Tabla142[[#This Row],[frecuencia]]="1 semana(s)","Semanal","Horas"))))))))) -> Diaria | F223: =IF(Tabla142[[#This Row],[frecuencia_new]]="Diaria"," ",RANDBETWEEN(1,6)) | G223: =IF(Tabla142[[#This Row],[frecuencia_new]]="Diaria","",IF(Tabla142[[#This Row],[frecuencia_new]]="Semanal","",IF(Tabla142[[#This Row],[frecuencia_new]]="Quincenal",RANDBETWEEN(1,2),RANDBETWEEN(1,4)))) | H223: =IF(Tabla142[[#This Row],[frecuencia_new]]="Trimestral",RANDBETWEEN(1,3),IF(Tabla142[[#This Row],[frecuencia_new]]="Semestral",RANDBETWEEN(1,6),IF(Tabla142[[#This Row],[frecuencia_new]]="Anual",RANDBETWEEN(1,12),""))) | J223: Limpieza de residuos en toda la maquina | K223: =SUM(MID(Tabla142[[#This Row],[Duración]],1,2)*60,MID(Tabla142[[#This Row],[Duración]],6,2)) -> 2 | L223: 00 h 02 m | M223: prensas automaticas | N223: CNC 3 | O223: Joel Vasquez | P223: Operador | Q223: 46032.649 | R223: 1 día | T223: 98Joel Vasquez
A224: =VLOOKUP(T224,$V$2:$W$222,2,FALSE) -> 172 | B224: AS223 | C224: Alta | D224: 98 | E224: =IF(Tabla142[[#This Row],[frecuencia]]="1 año","Anual",IF(Tabla142[[#This Row],[frecuencia]]="1 semana","Semanal",IF(Tabla142[[#This Row],[frecuencia]]="Quincenal",Tabla142[[#This Row],[frecuencia]],IF(Tabla142[[#This Row],[frecuencia]]="1 mes","Mensual",IF(Tabla142[[#This Row],[frecuencia]]="3 mes","Trimestral",IF(Tabla142[[#This Row],[frecuencia]]="6 mes","Semestral",IF(Tabla142[[#This Row],[frecuencia]]="1 día","Diaria",IF(Tabla142[[#This Row],[frecuencia]]="1 mes(es)","Mensual",IF(Tabla142[[#This Row],[frecuencia]]="1 semana(s)","Semanal","Horas"))))))))) -> Diaria | F224: =IF(Tabla142[[#This Row],[frecuencia_new]]="Diaria"," ",RANDBETWEEN(1,6)) | G224: =IF(Tabla142[[#This Row],[frecuencia_new]]="Diaria","",IF(Tabla142[[#This Row],[frecuencia_new]]="Semanal","",IF(Tabla142[[#This Row],[frecuencia_new]]="Quincenal",RANDBETWEEN(1,2),RANDBETWEEN(1,4)))) | H224: =IF(Tabla142[[#This Row],[frecuencia_new]]="Trimestral",RANDBETWEEN(1,3),IF(Tabla142[[#This Row],[frecuencia_new]]="Semestral",RANDBETWEEN(1,6),IF(Tabla142[[#This Row],[frecuencia_new]]="Anual",RANDBETWEEN(1,12),""))) | J224: Limpieza del sistema de rizado | K224: =SUM(MID(Tabla142[[#This Row],[Duración]],1,2)*60,MID(Tabla142[[#This Row],[Duración]],6,2)) -> 2 | L224: 00 h 02 m | M224: prensas automaticas | N224: CNC 3 | O224: Joel Vasquez | P224: Operador | Q224: 46032.649 | R224: 1 día | T224: 98Joel Vasquez
A225: =VLOOKUP(T225,$V$2:$W$222,2,FALSE) -> 213 | B225: AS224 | C225: Alta | D225: 98 | E225: =IF(Tabla142[[#This Row],[frecuencia]]="1 año","Anual",IF(Tabla142[[#This Row],[frecuencia]]="1 semana","Semanal",IF(Tabla142[[#This Row],[frecuencia]]="Quincenal",Tabla142[[#This Row],[frecuencia]],IF(Tabla142[[#This Row],[frecuencia]]="1 mes","Mensual",IF(Tabla142[[#This Row],[frecuencia]]="3 mes","Trimestral",IF(Tabla142[[#This Row],[frecuencia]]="6 mes","Semestral",IF(Tabla142[[#This Row],[frecuencia]]="1 día","Diaria",IF(Tabla142[[#This Row],[frecuencia]]="1 mes(es)","Mensual",IF(Tabla142[[#This Row],[frecuencia]]="1 semana(s)","Semanal","Horas"))))))))) -> Mensual | F225: =IF(Tabla142[[#This Row],[frecuencia_new]]="Diaria"," ",RANDBETWEEN(1,6)) -> 6 | G225: =IF(Tabla142[[#This Row],[frecuencia_new]]="Diaria","",IF(Tabla142[[#This Row],[frecuencia_new]]="Semanal","",IF(Tabla142[[#This Row],[frecuencia_new]]="Quincenal",RANDBETWEEN(1,2),RANDBETWEEN(1,4)))) -> 1 | H225: =IF(Tabla142[[#This Row],[frecuencia_new]]="Trimestral",RANDBETWEEN(1,3),IF(Tabla142[[#This Row],[frecuencia_new]]="Semestral",RANDBETWEEN(1,6),IF(Tabla142[[#This Row],[frecuencia_new]]="Anual",RANDBETWEEN(1,12),""))) | J225: Comprobación y verificación de fajas | K225: =SUM(MID(Tabla142[[#This Row],[Duración]],1,2)*60,MID(Tabla142[[#This Row],[Duración]],6,2)) -> 20 | L225: 00 h 20 m | M225: prensas automaticas | N225: CNC 3 | O225: Raul Castillo | P225: Mecánico | Q225: 46032.649 | R225: 1 mes | T225: 98Raul Castillo
A226: =VLOOKUP(T226,$V$2:$W$222,2,FALSE) -> 213 | B226: AS225 | C226: Alta | D226: 98 | E226: =IF(Tabla142[[#This Row],[frecuencia]]="1 año","Anual",IF(Tabla142[[#This Row],[frecuencia]]="1 semana","Semanal",IF(Tabla142[[#This Row],[frecuencia]]="Quincenal",Tabla142[[#This Row],[frecuencia]],IF(Tabla142[[#This Row],[frecuencia]]="1 mes","Mensual",IF(Tabla142[[#This Row],[frecuencia]]="3 mes","Trimestral",IF(Tabla142[[#This Row],[frecuencia]]="6 mes","Semestral",IF(Tabla142[[#This Row],[frecuencia]]="1 día","Diaria",IF(Tabla142[[#This Row],[frecuencia]]="1 mes(es)","Mensual",IF(Tabla142[[#This Row],[frecuencia]]="1 semana(s)","Semanal","Horas"))))))))) -> Mensual | F226: =IF(Tabla142[[#This Row],[frecuencia_new]]="Diaria"," ",RANDBETWEEN(1,6)) -> 5 | G226: =IF(Tabla142[[#This Row],[frecuencia_new]]="Diaria","",IF(Tabla142[[#This Row],[frecuencia_new]]="Semanal","",IF(Tabla142[[#This Row],[frecuencia_new]]="Quincenal",RANDBETWEEN(1,2),RANDBETWEEN(1,4)))) -> 1 | H226: =IF(Tabla142[[#This Row],[frecuencia_new]]="Trimestral",RANDBETWEEN(1,3),IF(Tabla142[[#This Row],[frecuencia_new]]="Semestral",RANDBETWEEN(1,6),IF(Tabla142[[#This Row],[frecuencia_new]]="Anual",RANDBETWEEN(1,12),""))) | J226: Engrase del rodamiento del disco de rizado | K226: =SUM(MID(Tabla142[[#This Row],[Duración]],1,2)*60,MID(Tabla142[[#This Row],[Duración]],6,2)) -> 20 | L226: 00 h 20 m | M226: prensas automaticas | N226: CNC 3 | O226: Raul Castillo | P226: Mecánico | Q226: 46032.649 | R226: 1 mes | T226: 98Raul Castillo
A227: =VLOOKUP(T227,$V$2:$W$222,2,FALSE) -> 213 | B227: AS226 | C227: Alta | D227: 98 | E227: =IF(Tabla142[[#This Row],[frecuencia]]="1 año","Anual",IF(Tabla142[[#This Row],[frecuencia]]="1 semana","Semanal",IF(Tabla142[[#This Row],[frecuencia]]="Quincenal",Tabla142[[#This Row],[frecuencia]],IF(Tabla142[[#This Row],[frecuencia]]="1 mes","Mensual",IF(Tabla142[[#This Row],[frecuencia]]="3 mes","Trimestral",IF(Tabla142[[#This Row],[frecuencia]]="6 mes","Semestral",IF(Tabla142[[#This Row],[frecuencia]]="1 día","Diaria",IF(Tabla142[[#This Row],[frecuencia]]="1 mes(es)","Mensual",IF(Tabla142[[#This Row],[frecuencia]]="1 semana(s)","Semanal","Horas"))))))))) -> Semanal | F227: =IF(Tabla142[[#This Row],[frecuencia_new]]="Diaria"," ",RANDBETWEEN(1,6)) -> 1 | G227: =IF(Tabla142[[#This Row],[frecuencia_new]]="Diaria","",IF(Tabla142[[#This Row],[frecuencia_new]]="Semanal","",IF(Tabla142[[#This Row],[frecuencia_new]]="Quincenal",RANDBETWEEN(1,2),RANDBETWEEN(1,4)))) | H227: =IF(Tabla142[[#This Row],[frecuencia_new]]="Trimestral",RANDBETWEEN(1,3),IF(Tabla142[[#This Row],[frecuencia_new]]="Semestral",RANDBETWEEN(1,6),IF(Tabla142[[#This Row],[frecuencia_new]]="Anual",RANDBETWEEN(1,12),""))) | J227: Verificación de cojines, rodillos, tensores y sprocket | K227: =SUM(MID(Tabla142[[#This Row],[Duración]],1,2)*60,MID(Tabla142[[#This Row],[Duración]],6,2)) -> 20 | L227: 00 h 20 m | M227: prensas automaticas | N227: CNC 3 | O227: Raul Castillo | P227: Mecánico | Q227: 46032.649 | R227: 1 semana | T227: 98Raul Castillo
A228: =VLOOKUP(T228,$V$2:$W$222,2,FALSE) -> 58 | B228: AS227 | C228: Alta | D228: 145 | E228: =IF(Tabla142[[#This Row],[frecuencia]]="1 año","Anual",IF(Tabla142[[#This Row],[frecuencia]]="1 semana","Semanal",IF(Tabla142[[#This Row],[frecuencia]]="Quincenal",Tabla142[[#This Row],[frecuencia]],IF(Tabla142[[#This Row],[frecuencia]]="1 mes","Mensual",IF(Tabla142[[#This Row],[frecuencia]]="3 mes","Trimestral",IF(Tabla142[[#This Row],[frecuencia]]="6 mes","Semestral",IF(Tabla142[[#This Row],[frecuencia]]="1 día","Diaria",IF(Tabla142[[#This Row],[frecuencia]]="1 mes(es)","Mensual",IF(Tabla142[[#This Row],[frecuencia]]="1 semana(s)","Semanal","Horas"))))))))) -> Anual | F228: =IF(Tabla142[[#This Row],[frecuencia_new]]="Diaria"," ",RANDBETWEEN(1,6)) -> 4 | G228: =IF(Tabla142[[#This Row],[frecuencia_new]]="Diaria","",IF(Tabla142[[#This Row],[frecuencia_new]]="Semanal","",IF(Tabla142[[#This Row],[frecuencia_new]]="Quincenal",RANDBETWEEN(1,2),RANDBETWEEN(1,4)))) -> 4 | H228: =IF(Tabla142[[#This Row],[frecuencia_new]]="Trimestral",RANDBETWEEN(1,3),IF(Tabla142[[#This Row],[frecuencia_new]]="Semestral",RANDBETWEEN(1,6),IF(Tabla142[[#This Row],[frecuencia_new]]="Anual",RANDBETWEEN(1,12),""))) -> 10 | J228: Apretar zonas de transición de corriente atornilladas | K228: =SUM(MID(Tabla142[[#This Row],[Duración]],1,2)*60,MID(Tabla142[[#This Row],[Duración]],6,2)) -> 30 | L228: 00 h 30 m | M228: prensas automaticas | N228: CNC 3 | O228: Bezalel Mendoza | P228: Electricista | Q228: 46032.649 | R228: 1 año | T228: 145Bezalel Mendoza
A229: =VLOOKUP(T229,$V$2:$W$222,2,FALSE) -> 58 | B229: AS228 | C229: Alta | D229: 145 | E229: =IF(Tabla142[[#This Row],[frecuencia]]="1 año","Anual",IF(Tabla142[[#This Row],[frecuencia]]="1 semana","Semanal",IF(Tabla142[[#This Row],[frecuencia]]="Quincenal",Tabla142[[#This Row],[frecuencia]],IF(Tabla142[[#This Row],[frecuencia]]="1 mes","Mensual",IF(Tabla142[[#This Row],[frecuencia]]="3 mes","Trimestral",IF(Tabla142[[#This Row],[frecuencia]]="6 mes","Semestral",IF(Tabla142[[#This Row],[frecuencia]]="1 día","Diaria",IF(Tabla142[[#This Row],[frecuencia]]="1 mes(es)","Mensual",IF(Tabla142[[#This Row],[frecuencia]]="1 semana(s)","Semanal","Horas"))))))))) -> Anual | F229: =IF(Tabla142[[#This Row],[frecuencia_new]]="Diaria"," ",RANDBETWEEN(1,6)) -> 5 | G229: =IF(Tabla142[[#This Row],[frecuencia_new]]="Diaria","",IF(Tabla142[[#This Row],[frecuencia_new]]="Semanal","",IF(Tabla142[[#This Row],[frecuencia_new]]="Quincenal",RANDBETWEEN(1,2),RANDBETWEEN(1,4)))) -> 1 | H229: =IF(Tabla142[[#This Row],[frecuencia_new]]="Trimestral",RANDBETWEEN(1,3),IF(Tabla142[[#This Row],[frecuencia_new]]="Semestral",RANDBETWEEN(1,6),IF(Tabla142[[#This Row],[frecuencia_new]]="Anual",RANDBETWEEN(1,12),""))) -> 3 | J229: Limpieza general de paneles eléctricos | K229: =SUM(MID(Tabla142[[#This Row],[Duración]],1,2)*60,MID(Tabla142[[#This Row],[Duración]],6,2)) -> 30 | L229: 00 h 30 m | M229: prensas automaticas | N229: CNC 3 | O229: Bezalel Mendoza | P229: Electricista | Q229: 46032.649 | R229: 1 año | T229: 145Bezalel Mendoza
A230: =VLOOKUP(T230,$V$2:$W$222,2,FALSE) -> 58 | B230: AS229 | C230: Alta | D230: 145 | E230: =IF(Tabla142[[#This Row],[frecuencia]]="1 año","Anual",IF(Tabla142[[#This Row],[frecuencia]]="1 semana","Semanal",IF(Tabla142[[#This Row],[frecuencia]]="Quincenal",Tabla142[[#This Row],[frecuencia]],IF(Tabla142[[#This Row],[frecuencia]]="1 mes","Mensual",IF(Tabla142[[#This Row],[frecuencia]]="3 mes","Trimestral",IF(Tabla142[[#This Row],[frecuencia]]="6 mes","Semestral",IF(Tabla142[[#This Row],[frecuencia]]="1 día","Diaria",IF(Tabla142[[#This Row],[frecuencia]]="1 mes(es)","Mensual",IF(Tabla142[[#This Row],[frecuencia]]="1 semana(s)","Semanal","Horas"))))))))) -> Anual | F230: =IF(Tabla142[[#This Row],[frecuencia_new]]="Diaria"," ",RANDBETWEEN(1,6)) -> 5 | G230: =IF(Tabla142[[#This Row],[frecuencia_new]]="Diaria","",IF(Tabla142[[#This Row],[frecuencia_new]]="Semanal","",IF(Tabla142[[#This Row],[frecuencia_new]]="Quincenal",RANDBETWEEN(1,2),RANDBETWEEN(1,4)))) -> 2 | H230: =IF(Tabla142[[#This Row],[frecuencia_new]]="Trimestral",RANDBETWEEN(1,3),IF(Tabla142[[#This Row],[frecuencia_new]]="Semestral",RANDBETWEEN(1,6),IF(Tabla142[[#This Row],[frecuencia_new]]="Anual",RANDBETWEEN(1,12),""))) -> 1 | J230: Limpieza los mandos electrónicos | K230: =SUM(MID(Tabla142[[#This Row],[Duración]],1,2)*60,MID(Tabla142[[#This Row],[Duración]],6,2)) -> 30 | L230: 00 h 30 m | M230: prensas automaticas | N230: CNC 3 | O230: Bezalel Mendoza | P230: Electricista | Q230: 46032.649 | R230: 1 año | T230: 145Bezalel Mendoza
A231: =VLOOKUP(T231,$V$2:$W$222,2,FALSE) -> 58 | B231: AS230 | C231: Alta | D231: 145 | E231: =IF(Tabla142[[#This Row],[frecuencia]]="1 año","Anual",IF(Tabla142[[#This Row],[frecuencia]]="1 semana","Semanal",IF(Tabla142[[#This Row],[frecuencia]]="Quincenal",Tabla142[[#This Row],[frecuencia]],IF(Tabla142[[#This Row],[frecuencia]]="1 mes","Mensual",IF(Tabla142[[#This Row],[frecuencia]]="3 mes","Trimestral",IF(Tabla142[[#This Row],[frecuencia]]="6 mes","Semestral",IF(Tabla142[[#This Row],[frecuencia]]="1 día","Diaria",IF(Tabla142[[#This Row],[frecuencia]]="1 mes(es)","Mensual",IF(Tabla142[[#This Row],[frecuencia]]="1 semana(s)","Semanal","Horas"))))))))) -> Anual | F231: =IF(Tabla142[[#This Row],[frecuencia_new]]="Diaria"," ",RANDBETWEEN(1,6)) -> 5 | G231: =IF(Tabla142[[#This Row],[frecuencia_new]]="Diaria","",IF(Tabla142[[#This Row],[frecuencia_new]]="Semanal","",IF(Tabla142[[#This Row],[frecuencia_new]]="Quincenal",RANDBETWEEN(1,2),RANDBETWEEN(1,4)))) -> 4 | H231: =IF(Tabla142[[#This Row],[frecuencia_new]]="Trimestral",RANDBETWEEN(1,3),IF(Tabla142[[#This Row],[frecuencia_new]]="Semestral",RANDBETWEEN(1,6),IF(Tabla142[[#This Row],[frecuencia_new]]="Anual",RANDBETWEEN(1,12),""))) -> 1 | J231: Revisión de motor | K231: =SUM(MID(Tabla142[[#This Row],[Duración]],1,2)*60,MID(Tabla142[[#This Row],[Duración]],6,2)) -> 30 | L231: 00 h 30 m | M231: prensas automaticas | N231: CNC 3 | O231: Bezalel Mendoza | P231: Electricista | Q231: 46032.649 | R231: 1 año | T231: 145Bezalel Mendoza
A232: =VLOOKUP(T232,$V$2:$W$222,2,FALSE) -> 173 | B232: AS231 | C232: Alta | D232: 145 | E232: =IF(Tabla142[[#This Row],[frecuencia]]="1 año","Anual",IF(Tabla142[[#This Row],[frecuencia]]="1 semana","Semanal",IF(Tabla142[[#This Row],[frecuencia]]="Quincenal",Tabla142[[#This Row],[frecuencia]],IF(Tabla142[[#This Row],[frecuencia]]="1 mes","Mensual",IF(Tabla142[[#This Row],[frecuencia]]="3 mes","Trimestral",IF(Tabla142[[#This Row],[frecuencia]]="6 mes","Semestral",IF(Tabla142[[#This Row],[frecuencia]]="1 día","Diaria",IF(Tabla142[[#This Row],[frecuencia]]="1 mes(es)","Mensual",IF(Tabla142[[#This Row],[frecuencia]]="1 semana(s)","Semanal","Horas"))))))))) -> Diaria | F232: =IF(Tabla142[[#This Row],[frecuencia_new]]="Diaria"," ",RANDBETWEEN(1,6)) | G232: =IF(Tabla142[[#This Row],[frecuencia_new]]="Diaria","",IF(Tabla142[[#This Row],[frecuencia_new]]="Semanal","",IF(Tabla142[[#This Row],[frecuencia_new]]="Quincenal",RANDBETWEEN(1,2),RANDBETWEEN(1,4)))) | H232: =IF(Tabla142[[#This Row],[frecuencia_new]]="Trimestral",RANDBETWEEN(1,3),IF(Tabla142[[#This Row],[frecuencia_new]]="Semestral",RANDBETWEEN(1,6),IF(Tabla142[[#This Row],[frecuencia_new]]="Anual",RANDBETWEEN(1,12),""))) | J232: Limpieza de residuos | K232: =SUM(MID(Tabla142[[#This Row],[Duración]],1,2)*60,MID(Tabla142[[#This Row],[Duración]],6,2)) -> 5 | L232: 00 h 05 m | M232: prensas automaticas | N232: CNC 3 | O232: Joel Vasquez | P232: Operador | Q232: 46032.649 | R232: 1 día | T232: 145Joel Vasquez
A233: =VLOOKUP(T233,$V$2:$W$222,2,FALSE) -> 214 | B233: AS232 | C233: Alta | D233: 145 | E233: =IF(Tabla142[[#This Row],[frecuencia]]="1 año","Anual",IF(Tabla142[[#This Row],[frecuencia]]="1 semana","Semanal",IF(Tabla142[[#This Row],[frecuencia]]="Quincenal",Tabla142[[#This Row],[frecuencia]],IF(Tabla142[[#This Row],[frecuencia]]="1 mes","Mensual",IF(Tabla142[[#This Row],[frecuencia]]="3 mes","Trimestral",IF(Tabla142[[#This Row],[frecuencia]]="6 mes","Semestral",IF(Tabla142[[#This Row],[frecuencia]]="1 día","Diaria",IF(Tabla142[[#This Row],[frecuencia]]="1 mes(es)","Mensual",IF(Tabla142[[#This Row],[frecuencia]]="1 semana(s)","Semanal","Horas"))))))))) -> Mensual | F233: =IF(Tabla142[[#This Row],[frecuencia_new]]="Diaria"," ",RANDBETWEEN(1,6)) -> 6 | G233: =IF(Tabla142[[#This Row],[frecuencia_new]]="Diaria","",IF(Tabla142[[#This Row],[frecuencia_new]]="Semanal","",IF(Tabla142[[#This Row],[frecuencia_new]]="Quincenal",RANDBETWEEN(1,2),RANDBETWEEN(1,4)))) -> 2 | H233: =IF(Tabla142[[#This Row],[frecuencia_new]]="Trimestral",RANDBETWEEN(1,3),IF(Tabla142[[#This Row],[frecuencia_new]]="Semestral",RANDBETWEEN(1,6),IF(Tabla142[[#This Row],[frecuencia_new]]="Anual",RANDBETWEEN(1,12),""))) | J233: Comprobación y verificación de fajas | K233: =SUM(MID(Tabla142[[#This Row],[Duración]],1,2)*60,MID(Tabla142[[#This Row],[Duración]],6,2)) -> 10 | L233: 00 h 10 m | M233: prensas automaticas | N233: CNC 3 | O233: Raul Castillo | P233: Mecánico | Q233: 46032.649 | R233: 1 mes | T233: 145Raul Castillo
A234: =VLOOKUP(T234,$V$2:$W$222,2,FALSE) -> 214 | B234: AS233 | C234: Alta | D234: 145 | E234: =IF(Tabla142[[#This Row],[frecuencia]]="1 año","Anual",IF(Tabla142[[#This Row],[frecuencia]]="1 semana","Semanal",IF(Tabla142[[#This Row],[frecuencia]]="Quincenal",Tabla142[[#This Row],[frecuencia]],IF(Tabla142[[#This Row],[frecuencia]]="1 mes","Mensual",IF(Tabla142[[#This Row],[frecuencia]]="3 mes","Trimestral",IF(Tabla142[[#This Row],[frecuencia]]="6 mes","Semestral",IF(Tabla142[[#This Row],[frecuencia]]="1 día","Diaria",IF(Tabla142[[#This Row],[frecuencia]]="1 mes(es)","Mensual",IF(Tabla142[[#This Row],[frecuencia]]="1 semana(s)","Semanal","Horas"))))))))) -> Mensual | F234: =IF(Tabla142[[#This Row],[frecuencia_new]]="Diaria"," ",RANDBETWEEN(1,6)) -> 5 | G234: =IF(Tabla142[[#This Row],[frecuencia_new]]="Diaria","",IF(Tabla142[[#This Row],[frecuencia_new]]="Semanal","",IF(Tabla142[[#This Row],[frecuencia_new]]="Quincenal",RANDBETWEEN(1,2),RANDBETWEEN(1,4)))) -> 4 | H234: =IF(Tabla142[[#This Row],[frecuencia_new]]="Trimestral",RANDBETWEEN(1,3),IF(Tabla142[[#This Row],[frecuencia_new]]="Semestral",RANDBETWEEN(1,6),IF(Tabla142[[#This Row],[frecuencia_new]]="Anual",RANDBETWEEN(1,12),""))) | J234: Comprobación y verificación de fajas de transmisión | K234: =SUM(MID(Tabla142[[#This Row],[Duración]],1,2)*60,MID(Tabla142[[#This Row],[Duración]],6,2)) -> 10 | L234: 00 h 10 m | M234: prensas automaticas | N234: CNC 3 | O234: Raul Castillo | P234: Mecánico | Q234: 46032.649 | R234: 1 mes | T234: 145Raul Castillo
... A306: =VLOOKUP(T306,$V$2:$W$222,2,FALSE) -> 134 | B306: AS305 | C306: Alta | D306: 30 | E306: =IF(Tabla142[[#This Row],[frecuencia]]="1 año","Anual",IF(Tabla142[[#This Row],[frecuencia]]="1 semana","Semanal",IF(Tabla142[[#This Row],[frecuencia]]="Quincenal",Tabla142[[#This Row],[frecuencia]],IF(Tabla142[[#This Row],[frecuencia]]="1 mes","Mensual",IF(Tabla142[[#This Row],[frecuencia]]="3 mes","Trimestral",IF(Tabla142[[#This Row],[frecuencia]]="6 mes","Semestral",IF(Tabla142[[#This Row],[frecuencia]]="1 día","Diaria",IF(Tabla142[[#This Row],[frecuencia]]="1 mes(es)","Mensual",IF(Tabla142[[#This Row],[frecuencia]]="1 semana(s)","Semanal","Horas"))))))))) -> Semanal | F306: =IF(Tabla142[[#This Row],[frecuencia_new]]="Diaria"," ",RANDBETWEEN(1,6)) -> 2 | G306: =IF(Tabla142[[#This Row],[frecuencia_new]]="Diaria","",IF(Tabla142[[#This Row],[frecuencia_new]]="Semanal","",IF(Tabla142[[#This Row],[frecuencia_new]]="Quincenal",RANDBETWEEN(1,2),RANDBETWEEN(1,4)))) | H306: =IF(Tabla142[[#This Row],[frecuencia_new]]="Trimestral",RANDBETWEEN(1,3),IF(Tabla142[[#This Row],[frecuencia_new]]="Semestral",RANDBETWEEN(1,6),IF(Tabla142[[#This Row],[frecuencia_new]]="Anual",RANDBETWEEN(1,12),""))) | J306: Verificar posición de tubo de señales de control e inyección | K306: =SUM(MID(Tabla142[[#This Row],[Duración]],1,2)*60,MID(Tabla142[[#This Row],[Duración]],6,2)) -> 2 | L306: 00 h 02 m | M306: Equipos Auxiliares | N306: Codificadoras | O306: Ever Morales | P306: Electricista | Q306: 46032.649 | R306: 1 semana | T306: 30Ever Morales
A307: =VLOOKUP(T307,$V$2:$W$222,2,FALSE) -> 26 | B307: AS306 | C307: Media | D307: 68 | E307: =IF(Tabla142[[#This Row],[frecuencia]]="1 año","Anual",IF(Tabla142[[#This Row],[frecuencia]]="1 semana","Semanal",IF(Tabla142[[#This Row],[frecuencia]]="Quincenal",Tabla142[[#This Row],[frecuencia]],IF(Tabla142[[#This Row],[frecuencia]]="1 mes","Mensual",IF(Tabla142[[#This Row],[frecuencia]]="3 mes","Trimestral",IF(Tabla142[[#This Row],[frecuencia]]="6 mes","Semestral",IF(Tabla142[[#This Row],[frecuencia]]="1 día","Diaria",IF(Tabla142[[#This Row],[frecuencia]]="1 mes(es)","Mensual",IF(Tabla142[[#This Row],[frecuencia]]="1 semana(s)","Semanal","Horas"))))))))) -> Horas | F307: =IF(Tabla142[[#This Row],[frecuencia_new]]="Diaria"," ",RANDBETWEEN(1,6)) -> 3 | G307: =IF(Tabla142[[#This Row],[frecuencia_new]]="Diaria","",IF(Tabla142[[#This Row],[frecuencia_new]]="Semanal","",IF(Tabla142[[#This Row],[frecuencia_new]]="Quincenal",RANDBETWEEN(1,2),RANDBETWEEN(1,4)))) -> 4 | H307: =IF(Tabla142[[#This Row],[frecuencia_new]]="Trimestral",RANDBETWEEN(1,3),IF(Tabla142[[#This Row],[frecuencia_new]]="Semestral",RANDBETWEEN(1,6),IF(Tabla142[[#This Row],[frecuencia_new]]="Anual",RANDBETWEEN(1,12),""))) | J307: Cambio de aceite de eje motriz | K307: =SUM(MID(Tabla142[[#This Row],[Duración]],1,2)*60,MID(Tabla142[[#This Row],[Duración]],6,2)) -> 240 | L307: 04 h 00 m | M307: Equipos Auxiliares | N307: Montacargas | O307: Carlos de Leon | P307: Mecánico | Q307: 46032.649 | R307: 1200 | T307: 20Bezalel Mendoza
A308: =VLOOKUP(T308,$V$2:$W$222,2,FALSE) -> 26 | B308: AS307 | C308: Alta | D308: 68 | E308: =IF(Tabla142[[#This Row],[frecuencia]]="1 año","Anual",IF(Tabla142[[#This Row],[frecuencia]]="1 semana","Semanal",IF(Tabla142[[#This Row],[frecuencia]]="Quincenal",Tabla142[[#This Row],[frecuencia]],IF(Tabla142[[#This Row],[frecuencia]]="1 mes","Mensual",IF(Tabla142[[#This Row],[frecuencia]]="3 mes","Trimestral",IF(Tabla142[[#This Row],[frecuencia]]="6 mes","Semestral",IF(Tabla142[[#This Row],[frecuencia]]="1 día","Diaria",IF(Tabla142[[#This Row],[frecuencia]]="1 mes(es)","Mensual",IF(Tabla142[[#This Row],[frecuencia]]="1 semana(s)","Semanal","Horas"))))))))) -> Horas | F308: =IF(Tabla142[[#This Row],[frecuencia_new]]="Diaria"," ",RANDBETWEEN(1,6)) -> 6 | G308: =IF(Tabla142[[#This Row],[frecuencia_new]]="Diaria","",IF(Tabla142[[#This Row],[frecuencia_new]]="Semanal","",IF(Tabla142[[#This Row],[frecuencia_new]]="Quincenal",RANDBETWEEN(1,2),RANDBETWEEN(1,4)))) -> 2 | H308: =IF(Tabla142[[#This Row],[frecuencia_new]]="Trimestral",RANDBETWEEN(1,3),IF(Tabla142[[#This Row],[frecuencia_new]]="Semestral",RANDBETWEEN(1,6),IF(Tabla142[[#This Row],[frecuencia_new]]="Anual",RANDBETWEEN(1,12),""))) | J308: Cambio de manguera de alta presión | K308: =SUM(MID(Tabla142[[#This Row],[Duración]],1,2)*60,MID(Tabla142[[#This Row],[Duración]],6,2)) -> 480 | L308: 08 h 00 m | M308: Equipos Auxiliares | N308: Montacargas | O308: Carlos de Leon | P308: Mecánico | Q308: 46032.649 | R308: 1200 | T308: 20Bezalel Mendoza
A309: =VLOOKUP(T309,$V$2:$W$222,2,FALSE) -> 70 | B309: AS308 | C309: Media | D309: 68 | E309: =IF(Tabla142[[#This Row],[frecuencia]]="1 año","Anual",IF(Tabla142[[#This Row],[frecuencia]]="1 semana","Semanal",IF(Tabla142[[#This Row],[frecuencia]]="Quincenal",Tabla142[[#This Row],[frecuencia]],IF(Tabla142[[#This Row],[frecuencia]]="1 mes","Mensual",IF(Tabla142[[#This Row],[frecuencia]]="3 mes","Trimestral",IF(Tabla142[[#This Row],[frecuencia]]="6 mes","Semestral",IF(Tabla142[[#This Row],[frecuencia]]="1 día","Diaria",IF(Tabla142[[#This Row],[frecuencia]]="1 mes(es)","Mensual",IF(Tabla142[[#This Row],[frecuencia]]="1 semana(s)","Semanal","Horas"))))))))) -> Horas | F309: =IF(Tabla142[[#This Row],[frecuencia_new]]="Diaria"," ",RANDBETWEEN(1,6)) -> 4 | G309: =IF(Tabla142[[#This Row],[frecuencia_new]]="Diaria","",IF(Tabla142[[#This Row],[frecuencia_new]]="Semanal","",IF(Tabla142[[#This Row],[frecuencia_new]]="Quincenal",RANDBETWEEN(1,2),RANDBETWEEN(1,4)))) -> 4 | H309: =IF(Tabla142[[#This Row],[frecuencia_new]]="Trimestral",RANDBETWEEN(1,3),IF(Tabla142[[#This Row],[frecuencia_new]]="Semestral",RANDBETWEEN(1,6),IF(Tabla142[[#This Row],[frecuencia_new]]="Anual",RANDBETWEEN(1,12),""))) | J309: Engrasado cilindro de inclinación frontal | K309: =SUM(MID(Tabla142[[#This Row],[Duración]],1,2)*60,MID(Tabla142[[#This Row],[Duración]],6,2)) -> 0 | L309: 02 h 00 | M309: Equipos Auxiliares | N309: Montacargas | O309: Carlos de Leon | P309: Mecánico | Q309: 46032.649 | R309: 1200 | T309: 20Carlos de Leon
A310: =VLOOKUP(T310,$V$2:$W$222,2,FALSE) -> 70 | B310: AS309 | C310: Alta | D310: 68 | E310: =IF(Tabla142[[#This Row],[frecuencia]]="1 año","Anual",IF(Tabla142[[#This Row],[frecuencia]]="1 semana","Semanal",IF(Tabla142[[#This Row],[frecuencia]]="Quincenal",Tabla142[[#This Row],[frecuencia]],IF(Tabla142[[#This Row],[frecuencia]]="1 mes","Mensual",IF(Tabla142[[#This Row],[frecuencia]]="3 mes","Trimestral",IF(Tabla142[[#This Row],[frecuencia]]="6 mes","Semestral",IF(Tabla142[[#This Row],[frecuencia]]="1 día","Diaria",IF(Tabla142[[#This Row],[frecuencia]]="1 mes(es)","Mensual",IF(Tabla142[[#This Row],[frecuencia]]="1 semana(s)","Semanal","Horas"))))))))) -> Horas | F310: =IF(Tabla142[[#This Row],[frecuencia_new]]="Diaria"," ",RANDBETWEEN(1,6)) -> 3 | G310: =IF(Tabla142[[#This Row],[frecuencia_new]]="Diaria","",IF(Tabla142[[#This Row],[frecuencia_new]]="Semanal","",IF(Tabla142[[#This Row],[frecuencia_new]]="Quincenal",RANDBETWEEN(1,2),RANDBETWEEN(1,4)))) -> 1 | H310: =IF(Tabla142[[#This Row],[frecuencia_new]]="Trimestral",RANDBETWEEN(1,3),IF(Tabla142[[#This Row],[frecuencia_new]]="Semestral",RANDBETWEEN(1,6),IF(Tabla142[[#This Row],[frecuencia_new]]="Anual",RANDBETWEEN(1,12),""))) | J310: Revision de aceite de diferencial | K310: =SUM(MID(Tabla142[[#This Row],[Duración]],1,2)*60,MID(Tabla142[[#This Row],[Duración]],6,2)) -> 60 | L310: 01 h 00 m | M310: Equipos Auxiliares | N310: Montacargas | O310: Carlos de Leon | P310: Mecánico | Q310: 46032.649 | R310: 1200 | T310: 20Carlos de Leon
A311: =VLOOKUP(T311,$V$2:$W$222,2,FALSE) -> 70 | B311: AS310 | C311: Media | D311: 20 | E311: =IF(Tabla142[[#This Row],[frecuencia]]="1 año","Anual",IF(Tabla142[[#This Row],[frecuencia]]="1 semana","Semanal",IF(Tabla142[[#This Row],[frecuencia]]="Quincenal",Tabla142[[#This Row],[frecuencia]],IF(Tabla142[[#This Row],[frecuencia]]="1 mes","Mensual",IF(Tabla142[[#This Row],[frecuencia]]="3 mes","Trimestral",IF(Tabla142[[#This Row],[frecuencia]]="6 mes","Semestral",IF(Tabla142[[#This Row],[frecuencia]]="1 día","Diaria",IF(Tabla142[[#This Row],[frecuencia]]="1 mes(es)","Mensual",IF(Tabla142[[#This Row],[frecuencia]]="1 semana(s)","Semanal","Horas"))))))))) -> Mensual | F311: =IF(Tabla142[[#This Row],[frecuencia_new]]="Diaria"," ",RANDBETWEEN(1,6)) -> 3 | G311: =IF(Tabla142[[#This Row],[frecuencia_new]]="Diaria","",IF(Tabla142[[#This Row],[frecuencia_new]]="Semanal","",IF(Tabla142[[#This Row],[frecuencia_new]]="Quincenal",RANDBETWEEN(1,2),RANDBETWEEN(1,4)))) -> 2 | H311: =IF(Tabla142[[#This Row],[frecuencia_new]]="Trimestral",RANDBETWEEN(1,3),IF(Tabla142[[#This Row],[frecuencia_new]]="Semestral",RANDBETWEEN(1,6),IF(Tabla142[[#This Row],[frecuencia_new]]="Anual",RANDBETWEEN(1,12),""))) | J311: Comprobación de condiciones de fajas | K311: =SUM(MID(Tabla142[[#This Row],[Duración]],1,2)*60,MID(Tabla142[[#This Row],[Duración]],6,2)) -> 5 | L311: 00 h 05 m | M311: Equipos Auxiliares | N311: Compresores | O311: Carlos de Leon | P311: Mecánico | Q311: 46032.649 | R311: 1 mes(es) | T311: 20Carlos de Leon
A312: =VLOOKUP(T312,$V$2:$W$222,2,FALSE) -> 70 | B312: AS311 | C312: Alta | D312: 69 | E312: =IF(Tabla142[[#This Row],[frecuencia]]="1 año","Anual",IF(Tabla142[[#This Row],[frecuencia]]="1 semana","Semanal",IF(Tabla142[[#This Row],[frecuencia]]="Quincenal",Tabla142[[#This Row],[frecuencia]],IF(Tabla142[[#This Row],[frecuencia]]="1 mes","Mensual",IF(Tabla142[[#This Row],[frecuencia]]="3 mes","Trimestral",IF(Tabla142[[#This Row],[frecuencia]]="6 mes","Semestral",IF(Tabla142[[#This Row],[frecuencia]]="1 día","Diaria",IF(Tabla142[[#This Row],[frecuencia]]="1 mes(es)","Mensual",IF(Tabla142[[#This Row],[frecuencia]]="1 semana(s)","Semanal","Horas"))))))))) -> Horas | F312: =IF(Tabla142[[#This Row],[frecuencia_new]]="Diaria"," ",RANDBETWEEN(1,6)) -> 2 | G312: =IF(Tabla142[[#This Row],[frecuencia_new]]="Diaria","",IF(Tabla142[[#This Row],[frecuencia_new]]="Semanal","",IF(Tabla142[[#This Row],[frecuencia_new]]="Quincenal",RANDBETWEEN(1,2),RANDBETWEEN(1,4)))) -> 4 | H312: =IF(Tabla142[[#This Row],[frecuencia_new]]="Trimestral",RANDBETWEEN(1,3),IF(Tabla142[[#This Row],[frecuencia_new]]="Semestral",RANDBETWEEN(1,6),IF(Tabla142[[#This Row],[frecuencia_new]]="Anual",RANDBETWEEN(1,12),""))) | J312: Cambio de aceite de eje motriz | K312: =SUM(MID(Tabla142[[#This Row],[Duración]],1,2)*60,MID(Tabla142[[#This Row],[Duración]],6,2)) -> 240 | L312: 04 h 00 m | M312: Equipos Auxiliares | N312: Montacargas | O312: Carlos de Leon | P312: Mecánico | Q312: 46032.649 | R312: 1200 | T312: 20Carlos de Leon
A313: =VLOOKUP(T313,$V$2:$W$222,2,FALSE) -> 70 | B313: AS312 | C313: Media | D313: 69 | E313: =IF(Tabla142[[#This Row],[frecuencia]]="1 año","Anual",IF(Tabla142[[#This Row],[frecuencia]]="1 semana","Semanal",IF(Tabla142[[#This Row],[frecuencia]]="Quincenal",Tabla142[[#This Row],[frecuencia]],IF(Tabla142[[#This Row],[frecuencia]]="1 mes","Mensual",IF(Tabla142[[#This Row],[frecuencia]]="3 mes","Trimestral",IF(Tabla142[[#This Row],[frecuencia]]="6 mes","Semestral",IF(Tabla142[[#This Row],[frecuencia]]="1 día","Diaria",IF(Tabla142[[#This Row],[frecuencia]]="1 mes(es)","Mensual",IF(Tabla142[[#This Row],[frecuencia]]="1 semana(s)","Semanal","Horas"))))))))) -> Horas | F313: =IF(Tabla142[[#This Row],[frecuencia_new]]="Diaria"," ",RANDBETWEEN(1,6)) -> 4 | G313: =IF(Tabla142[[#This Row],[frecuencia_new]]="Diaria","",IF(Tabla142[[#This Row],[frecuencia_new]]="Semanal","",IF(Tabla142[[#This Row],[frecuencia_new]]="Quincenal",RANDBETWEEN(1,2),RANDBETWEEN(1,4)))) -> 2 | H313: =IF(Tabla142[[#This Row],[frecuencia_new]]="Trimestral",RANDBETWEEN(1,3),IF(Tabla142[[#This Row],[frecuencia_new]]="Semestral",RANDBETWEEN(1,6),IF(Tabla142[[#This Row],[frecuencia_new]]="Anual",RANDBETWEEN(1,12),""))) | J313: Cambio de manguera de alta presión | K313: =SUM(MID(Tabla142[[#This Row],[Duración]],1,2)*60,MID(Tabla142[[#This Row],[Duración]],6,2)) -> 480 | L313: 08 h 00 m | M313: Equipos Auxiliares | N313: Montacargas | O313: Carlos de Leon | P313: Mecánico | Q313: 46032.649 | R313: 1200 | T313: 20Carlos de Leon
A314: =VLOOKUP(T314,$V$2:$W$222,2,FALSE) -> 70 | B314: AS313 | C314: Media | D314: 69 | E314: =IF(Tabla142[[#This Row],[frecuencia]]="1 año","Anual",IF(Tabla142[[#This Row],[frecuencia]]="1 semana","Semanal",IF(Tabla142[[#This Row],[frecuencia]]="Quincenal",Tabla142[[#This Row],[frecuencia]],IF(Tabla142[[#This Row],[frecuencia]]="1 mes","Mensual",IF(Tabla142[[#This Row],[frecuencia]]="3 mes","Trimestral",IF(Tabla142[[#This Row],[frecuencia]]="6 mes","Semestral",IF(Tabla142[[#This Row],[frecuencia]]="1 día","Diaria",IF(Tabla142[[#This Row],[frecuencia]]="1 mes(es)","Mensual",IF(Tabla142[[#This Row],[frecuencia]]="1 semana(s)","Semanal","Horas"))))))))) -> Horas | F314: =IF(Tabla142[[#This Row],[frecuencia_new]]="Diaria"," ",RANDBETWEEN(1,6)) -> 6 | G314: =IF(Tabla142[[#This Row],[frecuencia_new]]="Diaria","",IF(Tabla142[[#This Row],[frecuencia_new]]="Semanal","",IF(Tabla142[[#This Row],[frecuencia_new]]="Quincenal",RANDBETWEEN(1,2),RANDBETWEEN(1,4)))) -> 4 | H314: =IF(Tabla142[[#This Row],[frecuencia_new]]="Trimestral",RANDBETWEEN(1,3),IF(Tabla142[[#This Row],[frecuencia_new]]="Semestral",RANDBETWEEN(1,6),IF(Tabla142[[#This Row],[frecuencia_new]]="Anual",RANDBETWEEN(1,12),""))) | J314: Engrasado cilindro de inclinación frontal | K314: =SUM(MID(Tabla142[[#This Row],[Duración]],1,2)*60,MID(Tabla142[[#This Row],[Duración]],6,2)) -> 0 | L314: 02 h 00 | M314: Equipos Auxiliares | N314: Montacargas | O314: Carlos de Leon | P314: Mecánico | Q314: 46032.649 | R314: 1200 | T314: 20Carlos de Leon
A315: =VLOOKUP(T315,$V$2:$W$222,2,FALSE) -> 70 | B315: AS314 | C315: Alta | D315: 20 | E315: =IF(Tabla142[[#This Row],[frecuencia]]="1 año","Anual",IF(Tabla142[[#This Row],[frecuencia]]="1 semana","Semanal",IF(Tabla142[[#This Row],[frecuencia]]="Quincenal",Tabla142[[#This Row],[frecuencia]],IF(Tabla142[[#This Row],[frecuencia]]="1 mes","Mensual",IF(Tabla142[[#This Row],[frecuencia]]="3 mes","Trimestral",IF(Tabla142[[#This Row],[frecuencia]]="6 mes","Semestral",IF(Tabla142[[#This Row],[frecuencia]]="1 día","Diaria",IF(Tabla142[[#This Row],[frecuencia]]="1 mes(es)","Mensual",IF(Tabla142[[#This Row],[frecuencia]]="1 semana(s)","Semanal","Horas"))))))))) -> Diaria | F315: =IF(Tabla142[[#This Row],[frecuencia_new]]="Diaria"," ",RANDBETWEEN(1,6)) | G315: =IF(Tabla142[[#This Row],[frecuencia_new]]="Diaria","",IF(Tabla142[[#This Row],[frecuencia_new]]="Semanal","",IF(Tabla142[[#This Row],[frecuencia_new]]="Quincenal",RANDBETWEEN(1,2),RANDBETWEEN(1,4)))) | H315: =IF(Tabla142[[#This Row],[frecuencia_new]]="Trimestral",RANDBETWEEN(1,3),IF(Tabla142[[#This Row],[frecuencia_new]]="Semestral",RANDBETWEEN(1,6),IF(Tabla142[[#This Row],[frecuencia_new]]="Anual",RANDBETWEEN(1,12),""))) | J315: Drenar condensado de tanque | K315: =SUM(MID(Tabla142[[#This Row],[Duración]],1,2)*60,MID(Tabla142[[#This Row],[Duración]],6,2)) -> 2 | L315: 00 h 02 m | M315: Equipos Auxiliares | N315: Compresores | O315: Carlos de Leon | P315: Mecánico | Q315: 46032.649 | R315: 1 día | T315: 20Carlos de Leon
A316: =VLOOKUP(T316,$V$2:$W$222,2,FALSE) -> 70 | B316: AS315 | C316: Media | D316: 20 | E316: =IF(Tabla142[[#This Row],[frecuencia]]="1 año","Anual",IF(Tabla142[[#This Row],[frecuencia]]="1 semana","Semanal",IF(Tabla142[[#This Row],[frecuencia]]="Quincenal",Tabla142[[#This Row],[frecuencia]],IF(Tabla142[[#This Row],[frecuencia]]="1 mes","Mensual",IF(Tabla142[[#This Row],[frecuencia]]="3 mes","Trimestral",IF(Tabla142[[#This Row],[frecuencia]]="6 mes","Semestral",IF(Tabla142[[#This Row],[frecuencia]]="1 día","Diaria",IF(Tabla142[[#This Row],[frecuencia]]="1 mes(es)","Mensual",IF(Tabla142[[#This Row],[frecuencia]]="1 semana(s)","Semanal","Horas"))))))))) -> Semanal | F316: =IF(Tabla142[[#This Row],[frecuencia_new]]="Diaria"," ",RANDBETWEEN(1,6)) -> 6 | G316: =IF(Tabla142[[#This Row],[frecuencia_new]]="Diaria","",IF(Tabla142[[#This Row],[frecuencia_new]]="Semanal","",IF(Tabla142[[#This Row],[frecuencia_new]]="Quincenal",RANDBETWEEN(1,2),RANDBETWEEN(1,4)))) | H316: =IF(Tabla142[[#This Row],[frecuencia_new]]="Trimestral",RANDBETWEEN(1,3),IF(Tabla142[[#This Row],[frecuencia_new]]="Semestral",RANDBETWEEN(1,6),IF(Tabla142[[#This Row],[frecuencia_new]]="Anual",RANDBETWEEN(1,12),""))) | J316: Limpieza general | K316: =SUM(MID(Tabla142[[#This Row],[Duración]],1,2)*60,MID(Tabla142[[#This Row],[Duración]],6,2)) -> 15 | L316: 00 h 15 m | M316: Equipos Auxiliares | N316: Compresores | O316: Carlos de Leon | P316: Mecánico | Q316: 46032.649 | R316: 1 semana(s) | T316: 20Carlos de Leon
A317: =VLOOKUP(T317,$V$2:$W$222,2,FALSE) -> 70 | B317: AS316 | C317: Alta | D317: 69 | E317: =IF(Tabla142[[#This Row],[frecuencia]]="1 año","Anual",IF(Tabla142[[#This Row],[frecuencia]]="1 semana","Semanal",IF(Tabla142[[#This Row],[frecuencia]]="Quincenal",Tabla142[[#This Row],[frecuencia]],IF(Tabla142[[#This Row],[frecuencia]]="1 mes","Mensual",IF(Tabla142[[#This Row],[frecuencia]]="3 mes","Trimestral",IF(Tabla142[[#This Row],[frecuencia]]="6 mes","Semestral",IF(Tabla142[[#This Row],[frecuencia]]="1 día","Diaria",IF(Tabla142[[#This Row],[frecuencia]]="1 mes(es)","Mensual",IF(Tabla142[[#This Row],[frecuencia]]="1 semana(s)","Semanal","Horas"))))))))) -> Horas | F317: =IF(Tabla142[[#This Row],[frecuencia_new]]="Diaria"," ",RANDBETWEEN(1,6)) -> 6 | G317: =IF(Tabla142[[#This Row],[frecuencia_new]]="Diaria","",IF(Tabla142[[#This Row],[frecuencia_new]]="Semanal","",IF(Tabla142[[#This Row],[frecuencia_new]]="Quincenal",RANDBETWEEN(1,2),RANDBETWEEN(1,4)))) -> 4 | H317: =IF(Tabla142[[#This Row],[frecuencia_new]]="Trimestral",RANDBETWEEN(1,3),IF(Tabla142[[#This Row],[frecuencia_new]]="Semestral",RANDBETWEEN(1,6),IF(Tabla142[[#This Row],[frecuencia_new]]="Anual",RANDBETWEEN(1,12),""))) | J317: Revision de aceite de diferencial | K317: =SUM(MID(Tabla142[[#This Row],[Duración]],1,2)*60,MID(Tabla142[[#This Row],[Duración]],6,2)) -> 60 | L317: 01 h 00 m | M317: Equipos Auxiliares | N317: Montacargas | O317: Carlos de Leon | P317: Mecánico | Q317: 46032.649 | R317: 1200 | T317: 20Carlos de Leon
A318: =VLOOKUP(T318,$V$2:$W$222,2,FALSE) -> 70 | B318: AS317 | C318: Alta | D318: 20 | E318: =IF(Tabla142[[#This Row],[frecuencia]]="1 año","Anual",IF(Tabla142[[#This Row],[frecuencia]]="1 semana","Semanal",IF(Tabla142[[#This Row],[frecuencia]]="Quincenal",Tabla142[[#This Row],[frecuencia]],IF(Tabla142[[#This Row],[frecuencia]]="1 mes","Mensual",IF(Tabla142[[#This Row],[frecuencia]]="3 mes","Trimestral",IF(Tabla142[[#This Row],[frecuencia]]="6 mes","Semestral",IF(Tabla142[[#This Row],[frecuencia]]="1 día","Diaria",IF(Tabla142[[#This Row],[frecuencia]]="1 mes(es)","Mensual",IF(Tabla142[[#This Row],[frecuencia]]="1 semana(s)","Semanal","Horas"))))))))) -> Semanal | F318: =IF(Tabla142[[#This Row],[frecuencia_new]]="Diaria"," ",RANDBETWEEN(1,6)) -> 4 | G318: =IF(Tabla142[[#This Row],[frecuencia_new]]="Diaria","",IF(Tabla142[[#This Row],[frecuencia_new]]="Semanal","",IF(Tabla142[[#This Row],[frecuencia_new]]="Quincenal",RANDBETWEEN(1,2),RANDBETWEEN(1,4)))) | H318: =IF(Tabla142[[#This Row],[frecuencia_new]]="Trimestral",RANDBETWEEN(1,3),IF(Tabla142[[#This Row],[frecuencia_new]]="Semestral",RANDBETWEEN(1,6),IF(Tabla142[[#This Row],[frecuencia_new]]="Anual",RANDBETWEEN(1,12),""))) | J318: Verificar nivel de aceite, agregar de ser necesario | K318: =SUM(MID(Tabla142[[#This Row],[Duración]],1,2)*60,MID(Tabla142[[#This Row],[Duración]],6,2)) -> 2 | L318: 00 h 02 m | M318: Equipos Auxiliares | N318: Compresores | O318: Carlos de Leon | P318: Mecánico | Q318: 46032.649 | R318: 1 semana | T318: 20Carlos de Leon
A319: =VLOOKUP(T319,$V$2:$W$222,2,FALSE) -> 27 | B319: AS318 | C319: Media | D319: 68 | E319: =IF(Tabla142[[#This Row],[frecuencia]]="1 año","Anual",IF(Tabla142[[#This Row],[frecuencia]]="1 semana","Semanal",IF(Tabla142[[#This Row],[frecuencia]]="Quincenal",Tabla142[[#This Row],[frecuencia]],IF(Tabla142[[#This Row],[frecuencia]]="1 mes","Mensual",IF(Tabla142[[#This Row],[frecuencia]]="3 mes","Trimestral",IF(Tabla142[[#This Row],[frecuencia]]="6 mes","Semestral",IF(Tabla142[[#This Row],[frecuencia]]="1 día","Diaria",IF(Tabla142[[#This Row],[frecuencia]]="1 mes(es)","Mensual",IF(Tabla142[[#This Row],[frecuencia]]="1 semana(s)","Semanal","Horas"))))))))) -> Horas | F319: =IF(Tabla142[[#This Row],[frecuencia_new]]="Diaria"," ",RANDBETWEEN(1,6)) -> 5 | G319: =IF(Tabla142[[#This Row],[frecuencia_new]]="Diaria","",IF(Tabla142[[#This Row],[frecuencia_new]]="Semanal","",IF(Tabla142[[#This Row],[frecuencia_new]]="Quincenal",RANDBETWEEN(1,2),RANDBETWEEN(1,4)))) -> 3 | H319: =IF(Tabla142[[#This Row],[frecuencia_new]]="Trimestral",RANDBETWEEN(1,3),IF(Tabla142[[#This Row],[frecuencia_new]]="Semestral",RANDBETWEEN(1,6),IF(Tabla142[[#This Row],[frecuencia_new]]="Anual",RANDBETWEEN(1,12),""))) | J319: Cojinete de la rueda trasera | K319: =SUM(MID(Tabla142[[#This Row],[Duración]],1,2)*60,MID(Tabla142[[#This Row],[Duración]],6,2)) -> 30 | L319: 00 h 30 m | M319: Equipos Auxiliares | N319: Montacargas | O319: Carlos de Leon | P319: Mecánico | Q319: 46032.649 | R319: 100 | T319: 21Bezalel Mendoza
A320: =VLOOKUP(T320,$V$2:$W$222,2,FALSE) -> 27 | B320: AS319 | C320: Alta | D320: 68 | E320: =IF(Tabla142[[#This Row],[frecuencia]]="1 año","Anual",IF(Tabla142[[#This Row],[frecuencia]]="1 semana","Semanal",IF(Tabla142[[#This Row],[frecuencia]]="Quincenal",Tabla142[[#This Row],[frecuencia]],IF(Tabla142[[#This Row],[frecuencia]]="1 mes","Mensual",IF(Tabla142[[#This Row],[frecuencia]]="3 mes","Trimestral",IF(Tabla142[[#This Row],[frecuencia]]="6 mes","Semestral",IF(Tabla142[[#This Row],[frecuencia]]="1 día","Diaria",IF(Tabla142[[#This Row],[frecuencia]]="1 mes(es)","Mensual",IF(Tabla142[[#This Row],[frecuencia]]="1 semana(s)","Semanal","Horas"))))))))) -> Horas | F320: =IF(Tabla142[[#This Row],[frecuencia_new]]="Diaria"," ",RANDBETWEEN(1,6)) -> 2 | G320: =IF(Tabla142[[#This Row],[frecuencia_new]]="Diaria","",IF(Tabla142[[#This Row],[frecuencia_new]]="Semanal","",IF(Tabla142[[#This Row],[frecuencia_new]]="Quincenal",RANDBETWEEN(1,2),RANDBETWEEN(1,4)))) -> 4 | H320: =IF(Tabla142[[#This Row],[frecuencia_new]]="Trimestral",RANDBETWEEN(1,3),IF(Tabla142[[#This Row],[frecuencia_new]]="Semestral",RANDBETWEEN(1,6),IF(Tabla142[[#This Row],[frecuencia_new]]="Anual",RANDBETWEEN(1,12),""))) | J320: Engrasado bomba de transmisión | K320: =SUM(MID(Tabla142[[#This Row],[Duración]],1,2)*60,MID(Tabla142[[#This Row],[Duración]],6,2)) -> 3 | L320: 00 h 30 | M320: Equipos Auxiliares | N320: Montacargas | O320: Carlos de Leon | P320: Mecánico | Q320: 46032.649 | R320: 100 | T320: 21Bezalel Mendoza
A321: =VLOOKUP(T321,$V$2:$W$222,2,FALSE) -> 71 | B321: AS320 | C321: Media | D321: 68 | E321: =IF(Tabla142[[#This Row],[frecuencia]]="1 año","Anual",IF(Tabla142[[#This Row],[frecuencia]]="1 semana","Semanal",IF(Tabla142[[#This Row],[frecuencia]]="Quincenal",Tabla142[[#This Row],[frecuencia]],IF(Tabla142[[#This Row],[frecuencia]]="1 mes","Mensual",IF(Tabla142[[#This Row],[frecuencia]]="3 mes","Trimestral",IF(Tabla142[[#This Row],[frecuencia]]="6 mes","Semestral",IF(Tabla142[[#This Row],[frecuencia]]="1 día","Diaria",IF(Tabla142[[#This Row],[frecuencia]]="1 mes(es)","Mensual",IF(Tabla142[[#This Row],[frecuencia]]="1 semana(s)","Semanal","Horas"))))))))) -> Horas | F321: =IF(Tabla142[[#This Row],[frecuencia_new]]="Diaria"," ",RANDBETWEEN(1,6)) -> 5 | G321: =IF(Tabla142[[#This Row],[frecuencia_new]]="Diaria","",IF(Tabla142[[#This Row],[frecuencia_new]]="Semanal","",IF(Tabla142[[#This Row],[frecuencia_new]]="Quincenal",RANDBETWEEN(1,2),RANDBETWEEN(1,4)))) -> 2 | H321: =IF(Tabla142[[#This Row],[frecuencia_new]]="Trimestral",RANDBETWEEN(1,3),IF(Tabla142[[#This Row],[frecuencia_new]]="Semestral",RANDBETWEEN(1,6),IF(Tabla142[[#This Row],[frecuencia_new]]="Anual",RANDBETWEEN(1,12),""))) | J321: Engrasado cadena de elevación | K321: =SUM(MID(Tabla142[[#This Row],[Duración]],1,2)*60,MID(Tabla142[[#This Row],[Duración]],6,2)) -> 30 | L321: 00 h 30 m | M321: Equipos Auxiliares | N321: Montacargas | O321: Carlos de Leon | P321: Mecánico | Q321: 46032.649 | R321: 100 | T321: 21Carlos de Leon
A322: =VLOOKUP(T322,$V$2:$W$222,2,FALSE) -> 71 | B322: AS321 | C322: Alta | D322: 68 | E322: =IF(Tabla142[[#This Row],[frecuencia]]="1 año","Anual",IF(Tabla142[[#This Row],[frecuencia]]="1 semana","Semanal",IF(Tabla142[[#This Row],[frecuencia]]="Quincenal",Tabla142[[#This Row],[frecuencia]],IF(Tabla142[[#This Row],[frecuencia]]="1 mes","Mensual",IF(Tabla142[[#This Row],[frecuencia]]="3 mes","Trimestral",IF(Tabla142[[#This Row],[frecuencia]]="6 mes","Semestral",IF(Tabla142[[#This Row],[frecuencia]]="1 día","Diaria",IF(Tabla142[[#This Row],[frecuencia]]="1 mes(es)","Mensual",IF(Tabla142[[#This Row],[frecuencia]]="1 semana(s)","Semanal","Horas"))))))))) -> Horas | F322: =IF(Tabla142[[#This Row],[frecuencia_new]]="Diaria"," ",RANDBETWEEN(1,6)) -> 4 | G322: =IF(Tabla142[[#This Row],[frecuencia_new]]="Diaria","",IF(Tabla142[[#This Row],[frecuencia_new]]="Semanal","",IF(Tabla142[[#This Row],[frecuencia_new]]="Quincenal",RANDBETWEEN(1,2),RANDBETWEEN(1,4)))) -> 3 | H322: =IF(Tabla142[[#This Row],[frecuencia_new]]="Trimestral",RANDBETWEEN(1,3),IF(Tabla142[[#This Row],[frecuencia_new]]="Semestral",RANDBETWEEN(1,6),IF(Tabla142[[#This Row],[frecuencia_new]]="Anual",RANDBETWEEN(1,12),""))) | J322: Engrasado cilindro de dirección | K322: =SUM(MID(Tabla142[[#This Row],[Duración]],1,2)*60,MID(Tabla142[[#This Row],[Duración]],6,2)) -> 30 | L322: 00 h 30 m | M322: Equipos Auxiliares | N322: Montacargas | O322: Carlos de Leon | P322: Mecánico | Q322: 46032.649 | R322: 100 | T322: 21Carlos de Leon
A323: =VLOOKUP(T323,$V$2:$W$222,2,FALSE) -> 71 | B323: AS322 | C323: Media | D323: 21 | E323: =IF(Tabla142[[#This Row],[frecuencia]]="1 año","Anual",IF(Tabla142[[#This Row],[frecuencia]]="1 semana","Semanal",IF(Tabla142[[#This Row],[frecuencia]]="Quincenal",Tabla142[[#This Row],[frecuencia]],IF(Tabla142[[#This Row],[frecuencia]]="1 mes","Mensual",IF(Tabla142[[#This Row],[frecuencia]]="3 mes","Trimestral",IF(Tabla142[[#This Row],[frecuencia]]="6 mes","Semestral",IF(Tabla142[[#This Row],[frecuencia]]="1 día","Diaria",IF(Tabla142[[#This Row],[frecuencia]]="1 mes(es)","Mensual",IF(Tabla142[[#This Row],[frecuencia]]="1 semana(s)","Semanal","Horas"))))))))) -> Mensual | F323: =IF(Tabla142[[#This Row],[frecuencia_new]]="Diaria"," ",RANDBETWEEN(1,6)) -> 2 | G323: =IF(Tabla142[[#This Row],[frecuencia_new]]="Diaria","",IF(Tabla142[[#This Row],[frecuencia_new]]="Semanal","",IF(Tabla142[[#This Row],[frecuencia_new]]="Quincenal",RANDBETWEEN(1,2),RANDBETWEEN(1,4)))) -> 4 | H323: =IF(Tabla142[[#This Row],[frecuencia_new]]="Trimestral",RANDBETWEEN(1,3),IF(Tabla142[[#This Row],[frecuencia_new]]="Semestral",RANDBETWEEN(1,6),IF(Tabla142[[#This Row],[frecuencia_new]]="Anual",RANDBETWEEN(1,12),""))) | J323: Comprobación de condiciones de fajas | K323: =SUM(MID(Tabla142[[#This Row],[Duración]],1,2)*60,MID(Tabla142[[#This Row],[Duración]],6,2)) -> 5 | L323: 00 h 05 m | M323: Equipos Auxiliares | N323: Compresores | O323: Carlos de Leon | P323: Mecánico | Q323: 46032.649 | R323: 1 mes(es) | T323: 21Carlos de Leon
A324: =VLOOKUP(T324,$V$2:$W$222,2,FALSE) -> 71 | B324: AS323 | C324: Alta | D324: 68 | E324: =IF(Tabla142[[#This Row],[frecuencia]]="1 año","Anual",IF(Tabla142[[#This Row],[frecuencia]]="1 semana","Semanal",IF(Tabla142[[#This Row],[frecuencia]]="Quincenal",Tabla142[[#This Row],[frecuencia]],IF(Tabla142[[#This Row],[frecuencia]]="1 mes","Mensual",IF(Tabla142[[#This Row],[frecuencia]]="3 mes","Trimestral",IF(Tabla142[[#This Row],[frecuencia]]="6 mes","Semestral",IF(Tabla142[[#This Row],[frecuencia]]="1 día","Diaria",IF(Tabla142[[#This Row],[frecuencia]]="1 mes(es)","Mensual",IF(Tabla142[[#This Row],[frecuencia]]="1 semana(s)","Semanal","Horas"))))))))) -> Horas | F324: =IF(Tabla142[[#This Row],[frecuencia_new]]="Diaria"," ",RANDBETWEEN(1,6)) -> 6 | G324: =IF(Tabla142[[#This Row],[frecuencia_new]]="Diaria","",IF(Tabla142[[#This Row],[frecuencia_new]]="Semanal","",IF(Tabla142[[#This Row],[frecuencia_new]]="Quincenal",RANDBETWEEN(1,2),RANDBETWEEN(1,4)))) -> 4 | H324: =IF(Tabla142[[#This Row],[frecuencia_new]]="Trimestral",RANDBETWEEN(1,3),IF(Tabla142[[#This Row],[frecuencia_new]]="Semestral",RANDBETWEEN(1,6),IF(Tabla142[[#This Row],[frecuencia_new]]="Anual",RANDBETWEEN(1,12),""))) | J324: Engrasado cojinete rueda delantera | K324: =SUM(MID(Tabla142[[#This Row],[Duración]],1,2)*60,MID(Tabla142[[#This Row],[Duración]],6,2)) -> 30 | L324: 00 h 30 m | M324: Equipos Auxiliares | N324: Montacargas | O324: Carlos de Leon | P324: Mecánico | Q324: 46032.649 | R324: 100 | T324: 21Carlos de Leon
A325: =VLOOKUP(T325,$V$2:$W$222,2,FALSE) -> 71 | B325: AS324 | C325: Media | D325: 68 | E325: =IF(Tabla142[[#This Row],[frecuencia]]="1 año","Anual",IF(Tabla142[[#This Row],[frecuencia]]="1 semana","Semanal",IF(Tabla142[[#This Row],[frecuencia]]="Quincenal",Tabla142[[#This Row],[frecuencia]],IF(Tabla142[[#This Row],[frecuencia]]="1 mes","Mensual",IF(Tabla142[[#This Row],[frecuencia]]="3 mes","Trimestral",IF(Tabla142[[#This Row],[frecuencia]]="6 mes","Semestral",IF(Tabla142[[#This Row],[frecuencia]]="1 día","Diaria",IF(Tabla142[[#This Row],[frecuencia]]="1 mes(es)","Mensual",IF(Tabla142[[#This Row],[frecuencia]]="1 semana(s)","Semanal","Horas"))))))))) -> Horas | F325: =IF(Tabla142[[#This Row],[frecuencia_new]]="Diaria"," ",RANDBETWEEN(1,6)) -> 2 | G325: =IF(Tabla142[[#This Row],[frecuencia_new]]="Diaria","",IF(Tabla142[[#This Row],[frecuencia_new]]="Semanal","",IF(Tabla142[[#This Row],[frecuencia_new]]="Quincenal",RANDBETWEEN(1,2),RANDBETWEEN(1,4)))) -> 1 | H325: =IF(Tabla142[[#This Row],[frecuencia_new]]="Trimestral",RANDBETWEEN(1,3),IF(Tabla142[[#This Row],[frecuencia_new]]="Semestral",RANDBETWEEN(1,6),IF(Tabla142[[#This Row],[frecuencia_new]]="Anual",RANDBETWEEN(1,12),""))) | J325: Engrasado cubierta del soporte del mástil | K325: =SUM(MID(Tabla142[[#This Row],[Duración]],1,2)*60,MID(Tabla142[[#This Row],[Duración]],6,2)) -> 10 | L325: 00 h 10 m | M325: Equipos Auxiliares | N325: Montacargas | O325: Carlos de Leon | P325: Mecánico | Q325: 46032.649 | R325: 100 | T325: 21Carlos de Leon
A326: =VLOOKUP(T326,$V$2:$W$222,2,FALSE) -> 71 | B326: AS325 | C326: Media | D326: 68 | E326: =IF(Tabla142[[#This Row],[frecuencia]]="1 año","Anual",IF(Tabla142[[#This Row],[frecuencia]]="1 semana","Semanal",IF(Tabla142[[#This Row],[frecuencia]]="Quincenal",Tabla142[[#This Row],[frecuencia]],IF(Tabla142[[#This Row],[frecuencia]]="1 mes","Mensual",IF(Tabla142[[#This Row],[frecuencia]]="3 mes","Trimestral",IF(Tabla142[[#This Row],[frecuencia]]="6 mes","Semestral",IF(Tabla142[[#This Row],[frecuencia]]="1 día","Diaria",IF(Tabla142[[#This Row],[frecuencia]]="1 mes(es)","Mensual",IF(Tabla142[[#This Row],[frecuencia]]="1 semana(s)","Semanal","Horas"))))))))) -> Horas | F326: =IF(Tabla142[[#This Row],[frecuencia_new]]="Diaria"," ",RANDBETWEEN(1,6)) -> 2 | G326: =IF(Tabla142[[#This Row],[frecuencia_new]]="Diaria","",IF(Tabla142[[#This Row],[frecuencia_new]]="Semanal","",IF(Tabla142[[#This Row],[frecuencia_new]]="Quincenal",RANDBETWEEN(1,2),RANDBETWEEN(1,4)))) -> 3 | H326: =IF(Tabla142[[#This Row],[frecuencia_new]]="Trimestral",RANDBETWEEN(1,3),IF(Tabla142[[#This Row],[frecuencia_new]]="Semestral",RANDBETWEEN(1,6),IF(Tabla142[[#This Row],[frecuencia_new]]="Anual",RANDBETWEEN(1,12),""))) | J326: Engrasado de puntos móviles freno de mano | K326: =SUM(MID(Tabla142[[#This Row],[Duración]],1,2)*60,MID(Tabla142[[#This Row],[Duración]],6,2)) -> 10 | L326: 00 h 10 m | M326: Equipos Auxiliares | N326: Montacargas | O326: Carlos de Leon | P326: Mecánico | Q326: 46032.649 | R326: 100 | T326: 21Carlos de Leon
A327: =VLOOKUP(T327,$V$2:$W$222,2,FALSE) -> 71 | B327: AS326 | C327: Alta | D327: 21 | E327: =IF(Tabla142[[#This Row],[frecuencia]]="1 año","Anual",IF(Tabla142[[#This Row],[frecuencia]]="1 semana","Semanal",IF(Tabla142[[#This Row],[frecuencia]]="Quincenal",Tabla142[[#This Row],[frecuencia]],IF(Tabla142[[#This Row],[frecuencia]]="1 mes","Mensual",IF(Tabla142[[#This Row],[frecuencia]]="3 mes","Trimestral",IF(Tabla142[[#This Row],[frecuencia]]="6 mes","Semestral",IF(Tabla142[[#This Row],[frecuencia]]="1 día","Diaria",IF(Tabla142[[#This Row],[frecuencia]]="1 mes(es)","Mensual",IF(Tabla142[[#This Row],[frecuencia]]="1 semana(s)","Semanal","Horas"))))))))) -> Diaria | F327: =IF(Tabla142[[#This Row],[frecuencia_new]]="Diaria"," ",RANDBETWEEN(1,6)) | G327: =IF(Tabla142[[#This Row],[frecuencia_new]]="Diaria","",IF(Tabla142[[#This Row],[frecuencia_new]]="Semanal","",IF(Tabla142[[#This Row],[frecuencia_new]]="Quincenal",RANDBETWEEN(1,2),RANDBETWEEN(1,4)))) | H327: =IF(Tabla142[[#This Row],[frecuencia_new]]="Trimestral",RANDBETWEEN(1,3),IF(Tabla142[[#This Row],[frecuencia_new]]="Semestral",RANDBETWEEN(1,6),IF(Tabla142[[#This Row],[frecuencia_new]]="Anual",RANDBETWEEN(1,12),""))) | J327: Drenar condensado de tanque | K327: =SUM(MID(Tabla142[[#This Row],[Duración]],1,2)*60,MID(Tabla142[[#This Row],[Duración]],6,2)) -> 2 | L327: 00 h 02 m | M327: Equipos Auxiliares | N327: Compresores | O327: Carlos de Leon | P327: Mecánico | Q327: 46032.649 | R327: 1 día | T327: 21Carlos de Leon
A328: =VLOOKUP(T328,$V$2:$W$222,2,FALSE) -> 71 | B328: AS327 | C328: Media | D328: 21 | E328: =IF(Tabla142[[#This Row],[frecuencia]]="1 año","Anual",IF(Tabla142[[#This Row],[frecuencia]]="1 semana","Semanal",IF(Tabla142[[#This Row],[frecuencia]]="Quincenal",Tabla142[[#This Row],[frecuencia]],IF(Tabla142[[#This Row],[frecuencia]]="1 mes","Mensual",IF(Tabla142[[#This Row],[frecuencia]]="3 mes","Trimestral",IF(Tabla142[[#This Row],[frecuencia]]="6 mes","Semestral",IF(Tabla142[[#This Row],[frecuencia]]="1 día","Diaria",IF(Tabla142[[#This Row],[frecuencia]]="1 mes(es)","Mensual",IF(Tabla142[[#This Row],[frecuencia]]="1 semana(s)","Semanal","Horas"))))))))) -> Semanal | F328: =IF(Tabla142[[#This Row],[frecuencia_new]]="Diaria"," ",RANDBETWEEN(1,6)) -> 2 | G328: =IF(Tabla142[[#This Row],[frecuencia_new]]="Diaria","",IF(Tabla142[[#This Row],[frecuencia_new]]="Semanal","",IF(Tabla142[[#This Row],[frecuencia_new]]="Quincenal",RANDBETWEEN(1,2),RANDBETWEEN(1,4)))) | H328: =IF(Tabla142[[#This Row],[frecuencia_new]]="Trimestral",RANDBETWEEN(1,3),IF(Tabla142[[#This Row],[frecuencia_new]]="Semestral",RANDBETWEEN(1,6),IF(Tabla142[[#This Row],[frecuencia_new]]="Anual",RANDBETWEEN(1,12),""))) | J328: Limpieza general | K328: =SUM(MID(Tabla142[[#This Row],[Duración]],1,2)*60,MID(Tabla142[[#This Row],[Duración]],6,2)) -> 15 | L328: 00 h 15 m | M328: Equipos Auxiliares | N328: Compresores | O328: Carlos de Leon | P328: Mecánico | Q328: 46032.649 | R328: 1 semana(s) | T328: 21Carlos de Leon
A329: =VLOOKUP(T329,$V$2:$W$222,2,FALSE) -> 71 | B329: AS328 | C329: Alta | D329: 68 | E329: =IF(Tabla142[[#This Row],[frecuencia]]="1 año","Anual",IF(Tabla142[[#This Row],[frecuencia]]="1 semana","Semanal",IF(Tabla142[[#This Row],[frecuencia]]="Quincenal",Tabla142[[#This Row],[frecuencia]],IF(Tabla142[[#This Row],[frecuencia]]="1 mes","Mensual",IF(Tabla142[[#This Row],[frecuencia]]="3 mes","Trimestral",IF(Tabla142[[#This Row],[frecuencia]]="6 mes","Semestral",IF(Tabla142[[#This Row],[frecuencia]]="1 día","Diaria",IF(Tabla142[[#This Row],[frecuencia]]="1 mes(es)","Mensual",IF(Tabla142[[#This Row],[frecuencia]]="1 semana(s)","Semanal","Horas"))))))))) -> Horas | F329: =IF(Tabla142[[#This Row],[frecuencia_new]]="Diaria"," ",RANDBETWEEN(1,6)) -> 1 | G329: =IF(Tabla142[[#This Row],[frecuencia_new]]="Diaria","",IF(Tabla142[[#This Row],[frecuencia_new]]="Semanal","",IF(Tabla142[[#This Row],[frecuencia_new]]="Quincenal",RANDBETWEEN(1,2),RANDBETWEEN(1,4)))) -> 2 | H329: =IF(Tabla142[[#This Row],[frecuencia_new]]="Trimestral",RANDBETWEEN(1,3),IF(Tabla142[[#This Row],[frecuencia_new]]="Semestral",RANDBETWEEN(1,6),IF(Tabla142[[#This Row],[frecuencia_new]]="Anual",RANDBETWEEN(1,12),""))) | J329: Engrasado pin de pedal de freno | K329: =SUM(MID(Tabla142[[#This Row],[Duración]],1,2)*60,MID(Tabla142[[#This Row],[Duración]],6,2)) -> 30 | L329: 00 h 30 m | M329: Equipos Auxiliares | N329: Montacargas | O329: Carlos de Leon | P329: Mecánico | Q329: 46032.649 | R329: 100 | T329: 21Carlos de Leon
A330: =VLOOKUP(T330,$V$2:$W$222,2,FALSE) -> 71 | B330: AS329 | C330: Alta | D330: 21 | E330: =IF(Tabla142[[#This Row],[frecuencia]]="1 año","Anual",IF(Tabla142[[#This Row],[frecuencia]]="1 semana","Semanal",IF(Tabla142[[#This Row],[frecuencia]]="Quincenal",Tabla142[[#This Row],[frecuencia]],IF(Tabla142[[#This Row],[frecuencia]]="1 mes","Mensual",IF(Tabla142[[#This Row],[frecuencia]]="3 mes","Trimestral",IF(Tabla142[[#This Row],[frecuencia]]="6 mes","Semestral",IF(Tabla142[[#This Row],[frecuencia]]="1 día","Diaria",IF(Tabla142[[#This Row],[frecuencia]]="1 mes(es)","Mensual",IF(Tabla142[[#This Row],[frecuencia]]="1 semana(s)","Semanal","Horas"))))))))) -> Semanal | F330: =IF(Tabla142[[#This Row],[frecuencia_new]]="Diaria"," ",RANDBETWEEN(1,6)) -> 2 | G330: =IF(Tabla142[[#This Row],[frecuencia_new]]="Diaria","",IF(Tabla142[[#This Row],[frecuencia_new]]="Semanal","",IF(Tabla142[[#This Row],[frecuencia_new]]="Quincenal",RANDBETWEEN(1,2),RANDBETWEEN(1,4)))) | H330: =IF(Tabla142[[#This Row],[frecuencia_new]]="Trimestral",RANDBETWEEN(1,3),IF(Tabla142[[#This Row],[frecuencia_new]]="Semestral",RANDBETWEEN(1,6),IF(Tabla142[[#This Row],[frecuencia_new]]="Anual",RANDBETWEEN(1,12),""))) | J330: Verificar nivel de aceite, agregar de ser necesario | K330: =SUM(MID(Tabla142[[#This Row],[Duración]],1,2)*60,MID(Tabla142[[#This Row],[Duración]],6,2)) -> 2 | L330: 00 h 02 m | M330: Equipos Auxiliares | N330: Compresores | O330: Carlos de Leon | P330: Mecánico | Q330: 46032.649 | R330: 1 semana | T330: 21Carlos de Leon
A331: =VLOOKUP(T331,$V$2:$W$222,2,FALSE) -> 17 | B331: AS330 | C331: Alta | D331: 204 | E331: =IF(Tabla142[[#This Row],[frecuencia]]="1 año","Anual",IF(Tabla142[[#This Row],[frecuencia]]="1 semana","Semanal",IF(Tabla142[[#This Row],[frecuencia]]="Quincenal",Tabla142[[#This Row],[frecuencia]],IF(Tabla142[[#This Row],[frecuencia]]="1 mes","Mensual",IF(Tabla142[[#This Row],[frecuencia]]="3 mes","Trimestral",IF(Tabla142[[#This Row],[frecuencia]]="6 mes","Semestral",IF(Tabla142[[#This Row],[frecuencia]]="1 día","Diaria",IF(Tabla142[[#This Row],[frecuencia]]="1 mes(es)","Mensual",IF(Tabla142[[#This Row],[frecuencia]]="1 semana(s)","Semanal","Horas"))))))))) -> Mensual | F331: =IF(Tabla142[[#This Row],[frecuencia_new]]="Diaria"," ",RANDBETWEEN(1,6)) -> 6 | G331: =IF(Tabla142[[#This Row],[frecuencia_new]]="Diaria","",IF(Tabla142[[#This Row],[frecuencia_new]]="Semanal","",IF(Tabla142[[#This Row],[frecuencia_new]]="Quincenal",RANDBETWEEN(1,2),RANDBETWEEN(1,4)))) -> 4 | H331: =IF(Tabla142[[#This Row],[frecuencia_new]]="Trimestral",RANDBETWEEN(1,3),IF(Tabla142[[#This Row],[frecuencia_new]]="Semestral",RANDBETWEEN(1,6),IF(Tabla142[[#This Row],[frecuencia_new]]="Anual",RANDBETWEEN(1,12),""))) | J331: Comprobación de sistema de lubricación | K331: =SUM(MID(Tabla142[[#This Row],[Duración]],1,2)*60,MID(Tabla142[[#This Row],[Duración]],6,2)) -> 30 | L331: 00 h 30 m | M331: lineas Automaticas | N331: Envase Pequeño | O331: Anthony Campos | P331: Mecánico | Q331: 46032.649 | R331: 1 mes | T331: 204Anthony Campos
A332: =VLOOKUP(T332,$V$2:$W$222,2,FALSE) -> 17 | B332: AS331 | C332: Alta | D332: 204 | E332: =IF(Tabla142[[#This Row],[frecuencia]]="1 año","Anual",IF(Tabla142[[#This Row],[frecuencia]]="1 semana","Semanal",IF(Tabla142[[#This Row],[frecuencia]]="Quincenal",Tabla142[[#This Row],[frecuencia]],IF(Tabla142[[#This Row],[frecuencia]]="1 mes","Mensual",IF(Tabla142[[#This Row],[frecuencia]]="3 mes","Trimestral",IF(Tabla142[[#This Row],[frecuencia]]="6 mes","Semestral",IF(Tabla142[[#This Row],[frecuencia]]="1 día","Diaria",IF(Tabla142[[#This Row],[frecuencia]]="1 mes(es)","Mensual",IF(Tabla142[[#This Row],[frecuencia]]="1 semana(s)","Semanal","Horas"))))))))) -> Semanal | F332: =IF(Tabla142[[#This Row],[frecuencia_new]]="Diaria"," ",RANDBETWEEN(1,6)) -> 6 | G332: =IF(Tabla142[[#This Row],[frecuencia_new]]="Diaria","",IF(Tabla142[[#This Row],[frecuencia_new]]="Semanal","",IF(Tabla142[[#This Row],[frecuencia_new]]="Quincenal",RANDBETWEEN(1,2),RANDBETWEEN(1,4)))) | H332: =IF(Tabla142[[#This Row],[frecuencia_new]]="Trimestral",RANDBETWEEN(1,3),IF(Tabla142[[#This Row],[frecuencia_new]]="Semestral",RANDBETWEEN(1,6),IF(Tabla142[[#This Row],[frecuencia_new]]="Anual",RANDBETWEEN(1,12),""))) | J332: Limpieza de cadena de rodillos | K332: =SUM(MID(Tabla142[[#This Row],[Duración]],1,2)*60,MID(Tabla142[[#This Row],[Duración]],6,2)) -> 20 | L332: 00 h 20 m | M332: lineas Automaticas | N332: Envase Pequeño | O332: Anthony Campos | P332: Mecánico | Q332: 46032.649 | R332: 1 semana | T332: 204Anthony Campos
A333: =VLOOKUP(T333,$V$2:$W$222,2,FALSE) -> 17 | B333: AS332 | C333: Alta | D333: 204 | E333: =IF(Tabla142[[#This Row],[frecuencia]]="1 año","Anual",IF(Tabla142[[#This Row],[frecuencia]]="1 semana","Semanal",IF(Tabla142[[#This Row],[frecuencia]]="Quincenal",Tabla142[[#This Row],[frecuencia]],IF(Tabla142[[#This Row],[frecuencia]]="1 mes","Mensual",IF(Tabla142[[#This Row],[frecuencia]]="3 mes","Trimestral",IF(Tabla142[[#This Row],[frecuencia]]="6 mes","Semestral",IF(Tabla142[[#This Row],[frecuencia]]="1 día","Diaria",IF(Tabla142[[#This Row],[frecuencia]]="1 mes(es)","Mensual",IF(Tabla142[[#This Row],[frecuencia]]="1 semana(s)","Semanal","Horas"))))))))) -> Diaria | F333: =IF(Tabla142[[#This Row],[frecuencia_new]]="Diaria"," ",RANDBETWEEN(1,6)) | G333: =IF(Tabla142[[#This Row],[frecuencia_new]]="Diaria","",IF(Tabla142[[#This Row],[frecuencia_new]]="Semanal","",IF(Tabla142[[#This Row],[frecuencia_new]]="Quincenal",RANDBETWEEN(1,2),RANDBETWEEN(1,4)))) | H333: =IF(Tabla142[[#This Row],[frecuencia_new]]="Trimestral",RANDBETWEEN(1,3),IF(Tabla142[[#This Row],[frecuencia_new]]="Semestral",RANDBETWEEN(1,6),IF(Tabla142[[#This Row],[frecuencia_new]]="Anual",RANDBETWEEN(1,12),""))) | J333: Limpieza de platos y shocks de cabezales | K333: =SUM(MID(Tabla142[[#This Row],[Duración]],1,2)*60,MID(Tabla142[[#This Row],[Duración]],6,2)) -> 5 | L333: 00 h 05 m | M333: lineas Automaticas | N333: Envase Pequeño | O333: Anthony Campos | P333: Operador | Q333: 46032.649 | R333: 1 día | T333: 204Anthony Campos
A334: =VLOOKUP(T334,$V$2:$W$222,2,FALSE) -> 17 | B334: AS333 | C334: Alta | D334: 204 | E334: =IF(Tabla142[[#This Row],[frecuencia]]="1 año","Anual",IF(Tabla142[[#This Row],[frecuencia]]="1 semana","Semanal",IF(Tabla142[[#This Row],[frecuencia]]="Quincenal",Tabla142[[#This Row],[frecuencia]],IF(Tabla142[[#This Row],[frecuencia]]="1 mes","Mensual",IF(Tabla142[[#This Row],[frecuencia]]="3 mes","Trimestral",IF(Tabla142[[#This Row],[frecuencia]]="6 mes","Semestral",IF(Tabla142[[#This Row],[frecuencia]]="1 día","Diaria",IF(Tabla142[[#This Row],[frecuencia]]="1 mes(es)","Mensual",IF(Tabla142[[#This Row],[frecuencia]]="1 semana(s)","Semanal","Horas"))))))))) -> Anual | F334: =IF(Tabla142[[#This Row],[frecuencia_new]]="Diaria"," ",RANDBETWEEN(1,6)) -> 3 | G334: =IF(Tabla142[[#This Row],[frecuencia_new]]="Diaria","",IF(Tabla142[[#This Row],[frecuencia_new]]="Semanal","",IF(Tabla142[[#This Row],[frecuencia_new]]="Quincenal",RANDBETWEEN(1,2),RANDBETWEEN(1,4)))) -> 1 | H334: =IF(Tabla142[[#This Row],[frecuencia_new]]="Trimestral",RANDBETWEEN(1,3),IF(Tabla142[[#This Row],[frecuencia_new]]="Semestral",RANDBETWEEN(1,6),IF(Tabla142[[#This Row],[frecuencia_new]]="Anual",RANDBETWEEN(1,12),""))) -> 3 | J334: Limpieza de sistema de lubricación | K334: =SUM(MID(Tabla142[[#This Row],[Duración]],1,2)*60,MID(Tabla142[[#This Row],[Duración]],6,2)) -> 180 | L334: 03 h 00 m | M334: lineas Automaticas | N334: Envase Pequeño | O334: Anthony Campos | P334: Mecánico | Q334: 46032.649 | R334: 1 año | T334: 204Anthony Campos
A335: =VLOOKUP(T335,$V$2:$W$222,2,FALSE) -> 17 | B335: AS334 | C335: Alta | D335: 204 | E335: =IF(Tabla142[[#This Row],[frecuencia]]="1 año","Anual",IF(Tabla142[[#This Row],[frecuencia]]="1 semana","Semanal",IF(Tabla142[[#This Row],[frecuencia]]="Quincenal",Tabla142[[#This Row],[frecuencia]],IF(Tabla142[[#This Row],[frecuencia]]="1 mes","Mensual",IF(Tabla142[[#This Row],[frecuencia]]="3 mes","Trimestral",IF(Tabla142[[#This Row],[frecuencia]]="6 mes","Semestral",IF(Tabla142[[#This Row],[frecuencia]]="1 día","Diaria",IF(Tabla142[[#This Row],[frecuencia]]="1 mes(es)","Mensual",IF(Tabla142[[#This Row],[frecuencia]]="1 semana(s)","Semanal","Horas"))))))))) -> Semanal | F335: =IF(Tabla142[[#This Row],[frecuencia_new]]="Diaria"," ",RANDBETWEEN(1,6)) -> 2 | G335: =IF(Tabla142[[#This Row],[frecuencia_new]]="Diaria","",IF(Tabla142[[#This Row],[frecuencia_new]]="Semanal","",IF(Tabla142[[#This Row],[frecuencia_new]]="Quincenal",RANDBETWEEN(1,2),RANDBETWEEN(1,4)))) | H335: =IF(Tabla142[[#This Row],[frecuencia_new]]="Trimestral",RANDBETWEEN(1,3),IF(Tabla142[[#This Row],[frecuencia_new]]="Semestral",RANDBETWEEN(1,6),IF(Tabla142[[#This Row],[frecuencia_new]]="Anual",RANDBETWEEN(1,12),""))) | J335: Lubricación general | K335: =SUM(MID(Tabla142[[#This Row],[Duración]],1,2)*60,MID(Tabla142[[#This Row],[Duración]],6,2)) -> 20 | L335: 00 h 20 m | M335: lineas Automaticas | N335: Envase Pequeño | O335: Anthony Campos | P335: Mecánico | Q335: 46032.649 | R335: 1 semana | T335: 204Anthony Campos
A336: =VLOOKUP(T336,$V$2:$W$222,2,FALSE) -> 17 | B336: AS335 | C336: Alta | D336: 204 | E336: =IF(Tabla142[[#This Row],[frecuencia]]="1 año","Anual",IF(Tabla142[[#This Row],[frecuencia]]="1 semana","Semanal",IF(Tabla142[[#This Row],[frecuencia]]="Quincenal",Tabla142[[#This Row],[frecuencia]],IF(Tabla142[[#This Row],[frecuencia]]="1 mes","Mensual",IF(Tabla142[[#This Row],[frecuencia]]="3 mes","Trimestral",IF(Tabla142[[#This Row],[frecuencia]]="6 mes","Semestral",IF(Tabla142[[#This Row],[frecuencia]]="1 día","Diaria",IF(Tabla142[[#This Row],[frecuencia]]="1 mes(es)","Mensual",IF(Tabla142[[#This Row],[frecuencia]]="1 semana(s)","Semanal","Horas"))))))))) -> Trimestral | F336: =IF(Tabla142[[#This Row],[frecuencia_new]]="Diaria"," ",RANDBETWEEN(1,6)) -> 2 | G336: =IF(Tabla142[[#This Row],[frecuencia_new]]="Diaria","",IF(Tabla142[[#This Row],[frecuencia_new]]="Semanal","",IF(Tabla142[[#This Row],[frecuencia_new]]="Quincenal",RANDBETWEEN(1,2),RANDBETWEEN(1,4)))) -> 3 | H336: =IF(Tabla142[[#This Row],[frecuencia_new]]="Trimestral",RANDBETWEEN(1,3),IF(Tabla142[[#This Row],[frecuencia_new]]="Semestral",RANDBETWEEN(1,6),IF(Tabla142[[#This Row],[frecuencia_new]]="Anual",RANDBETWEEN(1,12),""))) -> 1 | J336: Lubricación y verificación engranajes y cojinetes cabezales | K336: =SUM(MID(Tabla142[[#This Row],[Duración]],1,2)*60,MID(Tabla142[[#This Row],[Duración]],6,2)) -> 30 | L336: 00 h 30 m | M336: lineas Automaticas | N336: Envase Pequeño | O336: Anthony Campos | P336: Mecánico | Q336: 46032.649 | R336: 3 mes | T336: 204Anthony Campos
A337: =VLOOKUP(T337,$V$2:$W$222,2,FALSE) -> 17 | B337: AS336 | C337: Alta | D337: 204 | E337: =IF(Tabla142[[#This Row],[frecuencia]]="1 año","Anual",IF(Tabla142[[#This Row],[frecuencia]]="1 semana","Semanal",IF(Tabla142[[#This Row],[frecuencia]]="Quincenal",Tabla142[[#This Row],[frecuencia]],IF(Tabla142[[#This Row],[frecuencia]]="1 mes","Mensual",IF(Tabla142[[#This Row],[frecuencia]]="3 mes","Trimestral",IF(Tabla142[[#This Row],[frecuencia]]="6 mes","Semestral",IF(Tabla142[[#This Row],[frecuencia]]="1 día","Diaria",IF(Tabla142[[#This Row],[frecuencia]]="1 mes(es)","Mensual",IF(Tabla142[[#This Row],[frecuencia]]="1 semana(s)","Semanal","Horas"))))))))) -> Semanal | F337: =IF(Tabla142[[#This Row],[frecuencia_new]]="Diaria"," ",RANDBETWEEN(1,6)) -> 1 | G337: =IF(Tabla142[[#This Row],[frecuencia_new]]="Diaria","",IF(Tabla142[[#This Row],[frecuencia_new]]="Semanal","",IF(Tabla142[[#This Row],[frecuencia_new]]="Quincenal",RANDBETWEEN(1,2),RANDBETWEEN(1,4)))) | H337: =IF(Tabla142[[#This Row],[frecuencia_new]]="Trimestral",RANDBETWEEN(1,3),IF(Tabla142[[#This Row],[frecuencia_new]]="Semestral",RANDBETWEEN(1,6),IF(Tabla142[[#This Row],[frecuencia_new]]="Anual",RANDBETWEEN(1,12),""))) | J337: Verificación de fugas en el sistema neumático | K337: =SUM(MID(Tabla142[[#This Row],[Duración]],1,2)*60,MID(Tabla142[[#This Row],[Duración]],6,2)) -> 20 | L337: 00 h 20 m | M337: lineas Automaticas | N337: Envase Pequeño | O337: Anthony Campos | P337: Mecánico | Q337: 46032.649 | R337: 1 semana | T337: 204Anthony Campos
A338: =VLOOKUP(T338,$V$2:$W$222,2,FALSE) -> 17 | B338: AS337 | C338: Alta | D338: 204 | E338: =IF(Tabla142[[#This Row],[frecuencia]]="1 año","Anual",IF(Tabla142[[#This Row],[frecuencia]]="1 semana","Semanal",IF(Tabla142[[#This Row],[frecuencia]]="Quincenal",Tabla142[[#This Row],[frecuencia]],IF(Tabla142[[#This Row],[frecuencia]]="1 mes","Mensual",IF(Tabla142[[#This Row],[frecuencia]]="3 mes","Trimestral",IF(Tabla142[[#This Row],[frecuencia]]="6 mes","Semestral",IF(Tabla142[[#This Row],[frecuencia]]="1 día","Diaria",IF(Tabla142[[#This Row],[frecuencia]]="1 mes(es)","Mensual",IF(Tabla142[[#This Row],[frecuencia]]="1 semana(s)","Semanal","Horas"))))))))) -> Mensual | F338: =IF(Tabla142[[#This Row],[frecuencia_new]]="Diaria"," ",RANDBETWEEN(1,6)) -> 6 | G338: =IF(Tabla142[[#This Row],[frecuencia_new]]="Diaria","",IF(Tabla142[[#This Row],[frecuencia_new]]="Semanal","",IF(Tabla142[[#This Row],[frecuencia_new]]="Quincenal",RANDBETWEEN(1,2),RANDBETWEEN(1,4)))) -> 2 | H338: =IF(Tabla142[[#This Row],[frecuencia_new]]="Trimestral",RANDBETWEEN(1,3),IF(Tabla142[[#This Row],[frecuencia_new]]="Semestral",RANDBETWEEN(1,6),IF(Tabla142[[#This Row],[frecuencia_new]]="Anual",RANDBETWEEN(1,12),""))) | J338: Verificación de sprocket | K338: =SUM(MID(Tabla142[[#This Row],[Duración]],1,2)*60,MID(Tabla142[[#This Row],[Duración]],6,2)) -> 30 | L338: 00 h 30 m | M338: lineas Automaticas | N338: Envase Pequeño | O338: Anthony Campos | P338: Mecánico | Q338: 46032.649 | R338: 1 mes | T338: 204Anthony Campos
A339: =VLOOKUP(T339,$V$2:$W$222,2,FALSE) -> 16 | B339: AS338 | C339: Alta | D339: 203 | E339: =IF(Tabla142[[#This Row],[frecuencia]]="1 año","Anual",IF(Tabla142[[#This Row],[frecuencia]]="1 semana","Semanal",IF(Tabla142[[#This Row],[frecuencia]]="Quincenal",Tabla142[[#This Row],[frecuencia]],IF(Tabla142[[#This Row],[frecuencia]]="1 mes","Mensual",IF(Tabla142[[#This Row],[frecuencia]]="3 mes","Trimestral",IF(Tabla142[[#This Row],[frecuencia]]="6 mes","Semestral",IF(Tabla142[[#This Row],[frecuencia]]="1 día","Diaria",IF(Tabla142[[#This Row],[frecuencia]]="1 mes(es)","Mensual",IF(Tabla142[[#This Row],[frecuencia]]="1 semana(s)","Semanal","Horas"))))))))) -> Mensual | F339: =IF(Tabla142[[#This Row],[frecuencia_new]]="Diaria"," ",RANDBETWEEN(1,6)) -> 2 | G339: =IF(Tabla142[[#This Row],[frecuencia_new]]="Diaria","",IF(Tabla142[[#This Row],[frecuencia_new]]="Semanal","",IF(Tabla142[[#This Row],[frecuencia_new]]="Quincenal",RANDBETWEEN(1,2),RANDBETWEEN(1,4)))) -> 2 | H339: =IF(Tabla142[[#This Row],[frecuencia_new]]="Trimestral",RANDBETWEEN(1,3),IF(Tabla142[[#This Row],[frecuencia_new]]="Semestral",RANDBETWEEN(1,6),IF(Tabla142[[#This Row],[frecuencia_new]]="Anual",RANDBETWEEN(1,12),""))) | J339: Comprobación de conexiones neumáticas | K339: =SUM(MID(Tabla142[[#This Row],[Duración]],1,2)*60,MID(Tabla142[[#This Row],[Duración]],6,2)) -> 60 | L339: 01 h 00 m | M339: lineas Automaticas | N339: Envase Pequeño | O339: Anthony Campos | P339: Mecánico | Q339: 46032.649 | R339: 1 mes | T339: 203Anthony Campos
A340: =VLOOKUP(T340,$V$2:$W$222,2,FALSE) -> 16 | B340: AS339 | C340: Alta | D340: 203 | E340: =IF(Tabla142[[#This Row],[frecuencia]]="1 año","Anual",IF(Tabla142[[#This Row],[frecuencia]]="1 semana","Semanal",IF(Tabla142[[#This Row],[frecuencia]]="Quincenal",Tabla142[[#This Row],[frecuencia]],IF(Tabla142[[#This Row],[frecuencia]]="1 mes","Mensual",IF(Tabla142[[#This Row],[frecuencia]]="3 mes","Trimestral",IF(Tabla142[[#This Row],[frecuencia]]="6 mes","Semestral",IF(Tabla142[[#This Row],[frecuencia]]="1 día","Diaria",IF(Tabla142[[#This Row],[frecuencia]]="1 mes(es)","Mensual",IF(Tabla142[[#This Row],[frecuencia]]="1 semana(s)","Semanal","Horas"))))))))) -> Diaria | F340: =IF(Tabla142[[#This Row],[frecuencia_new]]="Diaria"," ",RANDBETWEEN(1,6)) | G340: =IF(Tabla142[[#This Row],[frecuencia_new]]="Diaria","",IF(Tabla142[[#This Row],[frecuencia_new]]="Semanal","",IF(Tabla142[[#This Row],[frecuencia_new]]="Quincenal",RANDBETWEEN(1,2),RANDBETWEEN(1,4)))) | H340: =IF(Tabla142[[#This Row],[frecuencia_new]]="Trimestral",RANDBETWEEN(1,3),IF(Tabla142[[#This Row],[frecuencia_new]]="Semestral",RANDBETWEEN(1,6),IF(Tabla142[[#This Row],[frecuencia_new]]="Anual",RANDBETWEEN(1,12),""))) | J340: Limpieza de alimentador | K340: =SUM(MID(Tabla142[[#This Row],[Duración]],1,2)*60,MID(Tabla142[[#This Row],[Duración]],6,2)) -> 5 | L340: 00 h 05 m | M340: lineas Automaticas | N340: Envase Pequeño | O340: Anthony Campos | P340: Operador | Q340: 46032.649 | R340: 1 día | T340: 203Anthony Campos
A341: =VLOOKUP(T341,$V$2:$W$222,2,FALSE) -> 16 | B341: AS340 | C341: Alta | D341: 203 | E341: =IF(Tabla142[[#This Row],[frecuencia]]="1 año","Anual",IF(Tabla142[[#This Row],[frecuencia]]="1 semana","Semanal",IF(Tabla142[[#This Row],[frecuencia]]="Quincenal",Tabla142[[#This Row],[frecuencia]],IF(Tabla142[[#This Row],[frecuencia]]="1 mes","Mensual",IF(Tabla142[[#This Row],[frecuencia]]="3 mes","Trimestral",IF(Tabla142[[#This Row],[frecuencia]]="6 mes","Semestral",IF(Tabla142[[#This Row],[frecuencia]]="1 día","Diaria",IF(Tabla142[[#This Row],[frecuencia]]="1 mes(es)","Mensual",IF(Tabla142[[#This Row],[frecuencia]]="1 semana(s)","Semanal","Horas"))))))))) -> Diaria | F341: =IF(Tabla142[[#This Row],[frecuencia_new]]="Diaria"," ",RANDBETWEEN(1,6)) | G341: =IF(Tabla142[[#This Row],[frecuencia_new]]="Diaria","",IF(Tabla142[[#This Row],[frecuencia_new]]="Semanal","",IF(Tabla142[[#This Row],[frecuencia_new]]="Quincenal",RANDBETWEEN(1,2),RANDBETWEEN(1,4)))) | H341: =IF(Tabla142[[#This Row],[frecuencia_new]]="Trimestral",RANDBETWEEN(1,3),IF(Tabla142[[#This Row],[frecuencia_new]]="Semestral",RANDBETWEEN(1,6),IF(Tabla142[[#This Row],[frecuencia_new]]="Anual",RANDBETWEEN(1,12),""))) | J341: Limpieza de platos y shocks | K341: =SUM(MID(Tabla142[[#This Row],[Duración]],1,2)*60,MID(Tabla142[[#This Row],[Duración]],6,2)) -> 5 | L341: 00 h 05 m | M341: lineas Automaticas | N341: Envase Pequeño | O341: Anthony Campos | P341: Operador | Q341: 46032.649 | R341: 1 día | T341: 203Anthony Campos
... A626: =VLOOKUP(T626,$V$2:$W$222,2,FALSE) -> 209 | B626: AS625 | C626: Alta | D626: 155 | E626: =IF(Tabla142[[#This Row],[frecuencia]]="1 año","Anual",IF(Tabla142[[#This Row],[frecuencia]]="1 semana","Semanal",IF(Tabla142[[#This Row],[frecuencia]]="Quincenal",Tabla142[[#This Row],[frecuencia]],IF(Tabla142[[#This Row],[frecuencia]]="1 mes","Mensual",IF(Tabla142[[#This Row],[frecuencia]]="3 mes","Trimestral",IF(Tabla142[[#This Row],[frecuencia]]="6 mes","Semestral",IF(Tabla142[[#This Row],[frecuencia]]="1 día","Diaria",IF(Tabla142[[#This Row],[frecuencia]]="1 mes(es)","Mensual",IF(Tabla142[[#This Row],[frecuencia]]="1 semana(s)","Semanal","Horas"))))))))) -> Diaria | F626: =IF(Tabla142[[#This Row],[frecuencia_new]]="Diaria"," ",RANDBETWEEN(1,6)) | G626: =IF(Tabla142[[#This Row],[frecuencia_new]]="Diaria","",IF(Tabla142[[#This Row],[frecuencia_new]]="Semanal","",IF(Tabla142[[#This Row],[frecuencia_new]]="Quincenal",RANDBETWEEN(1,2),RANDBETWEEN(1,4)))) | H626: =IF(Tabla142[[#This Row],[frecuencia_new]]="Trimestral",RANDBETWEEN(1,3),IF(Tabla142[[#This Row],[frecuencia_new]]="Semestral",RANDBETWEEN(1,6),IF(Tabla142[[#This Row],[frecuencia_new]]="Anual",RANDBETWEEN(1,12),""))) | J626: Limpieza de venadores | K626: =SUM(MID(Tabla142[[#This Row],[Duración]],1,2)*60,MID(Tabla142[[#This Row],[Duración]],6,2)) -> 5 | L626: 00 h 05 m | M626: lineas Automaticas | N626: Ishin | O626: Pablo Tuche | P626: Operador | Q626: 46032.649 | R626: 1 día | T626: 155Pablo Tuche
A627: =VLOOKUP(T627,$V$2:$W$222,2,FALSE) -> 72 | B627: AS626 | C627: Alta | D627: 68 | E627: =IF(Tabla142[[#This Row],[frecuencia]]="1 año","Anual",IF(Tabla142[[#This Row],[frecuencia]]="1 semana","Semanal",IF(Tabla142[[#This Row],[frecuencia]]="Quincenal",Tabla142[[#This Row],[frecuencia]],IF(Tabla142[[#This Row],[frecuencia]]="1 mes","Mensual",IF(Tabla142[[#This Row],[frecuencia]]="3 mes","Trimestral",IF(Tabla142[[#This Row],[frecuencia]]="6 mes","Semestral",IF(Tabla142[[#This Row],[frecuencia]]="1 día","Diaria",IF(Tabla142[[#This Row],[frecuencia]]="1 mes(es)","Mensual",IF(Tabla142[[#This Row],[frecuencia]]="1 semana(s)","Semanal","Horas"))))))))) -> Horas | F627: =IF(Tabla142[[#This Row],[frecuencia_new]]="Diaria"," ",RANDBETWEEN(1,6)) -> 3 | G627: =IF(Tabla142[[#This Row],[frecuencia_new]]="Diaria","",IF(Tabla142[[#This Row],[frecuencia_new]]="Semanal","",IF(Tabla142[[#This Row],[frecuencia_new]]="Quincenal",RANDBETWEEN(1,2),RANDBETWEEN(1,4)))) -> 1 | H627: =IF(Tabla142[[#This Row],[frecuencia_new]]="Trimestral",RANDBETWEEN(1,3),IF(Tabla142[[#This Row],[frecuencia_new]]="Semestral",RANDBETWEEN(1,6),IF(Tabla142[[#This Row],[frecuencia_new]]="Anual",RANDBETWEEN(1,12),""))) | J627: Engrasado timón sin | K627: =SUM(MID(Tabla142[[#This Row],[Duración]],1,2)*60,MID(Tabla142[[#This Row],[Duración]],6,2)) -> 30 | L627: 00 h 30 m | M627: Equipos Auxiliares | N627: Montacargas | O627: Carlos de Leon | P627: Mecánico | Q627: 46032.649 | R627: 100 | T627: 68Carlos de Leon
A628: =VLOOKUP(T628,$V$2:$W$222,2,FALSE) -> 72 | B628: AS627 | C628: Alta | D628: 68 | E628: =IF(Tabla142[[#This Row],[frecuencia]]="1 año","Anual",IF(Tabla142[[#This Row],[frecuencia]]="1 semana","Semanal",IF(Tabla142[[#This Row],[frecuencia]]="Quincenal",Tabla142[[#This Row],[frecuencia]],IF(Tabla142[[#This Row],[frecuencia]]="1 mes","Mensual",IF(Tabla142[[#This Row],[frecuencia]]="3 mes","Trimestral",IF(Tabla142[[#This Row],[frecuencia]]="6 mes","Semestral",IF(Tabla142[[#This Row],[frecuencia]]="1 día","Diaria",IF(Tabla142[[#This Row],[frecuencia]]="1 mes(es)","Mensual",IF(Tabla142[[#This Row],[frecuencia]]="1 semana(s)","Semanal","Horas"))))))))) -> Horas | F628: =IF(Tabla142[[#This Row],[frecuencia_new]]="Diaria"," ",RANDBETWEEN(1,6)) -> 6 | G628: =IF(Tabla142[[#This Row],[frecuencia_new]]="Diaria","",IF(Tabla142[[#This Row],[frecuencia_new]]="Semanal","",IF(Tabla142[[#This Row],[frecuencia_new]]="Quincenal",RANDBETWEEN(1,2),RANDBETWEEN(1,4)))) -> 1 | H628: =IF(Tabla142[[#This Row],[frecuencia_new]]="Trimestral",RANDBETWEEN(1,3),IF(Tabla142[[#This Row],[frecuencia_new]]="Semestral",RANDBETWEEN(1,6),IF(Tabla142[[#This Row],[frecuencia_new]]="Anual",RANDBETWEEN(1,12),""))) | J628: Revisión de aceite hidráulico | K628: =SUM(MID(Tabla142[[#This Row],[Duración]],1,2)*60,MID(Tabla142[[#This Row],[Duración]],6,2)) -> 3 | L628: 00 h 30 | M628: Equipos Auxiliares | N628: Montacargas | O628: Carlos de Leon | P628: Mecánico | Q628: 46032.649 | R628: 100 | T628: 68Carlos de Leon
A629: =VLOOKUP(T629,$V$2:$W$222,2,FALSE) -> 72 | B629: AS628 | C629: Alta | D629: 68 | E629: =IF(Tabla142[[#This Row],[frecuencia]]="1 año","Anual",IF(Tabla142[[#This Row],[frecuencia]]="1 semana","Semanal",IF(Tabla142[[#This Row],[frecuencia]]="Quincenal",Tabla142[[#This Row],[frecuencia]],IF(Tabla142[[#This Row],[frecuencia]]="1 mes","Mensual",IF(Tabla142[[#This Row],[frecuencia]]="3 mes","Trimestral",IF(Tabla142[[#This Row],[frecuencia]]="6 mes","Semestral",IF(Tabla142[[#This Row],[frecuencia]]="1 día","Diaria",IF(Tabla142[[#This Row],[frecuencia]]="1 mes(es)","Mensual",IF(Tabla142[[#This Row],[frecuencia]]="1 semana(s)","Semanal","Horas"))))))))) -> Horas | F629: =IF(Tabla142[[#This Row],[frecuencia_new]]="Diaria"," ",RANDBETWEEN(1,6)) -> 2 | G629: =IF(Tabla142[[#This Row],[frecuencia_new]]="Diaria","",IF(Tabla142[[#This Row],[frecuencia_new]]="Semanal","",IF(Tabla142[[#This Row],[frecuencia_new]]="Quincenal",RANDBETWEEN(1,2),RANDBETWEEN(1,4)))) -> 3 | H629: =IF(Tabla142[[#This Row],[frecuencia_new]]="Trimestral",RANDBETWEEN(1,3),IF(Tabla142[[#This Row],[frecuencia_new]]="Semestral",RANDBETWEEN(1,6),IF(Tabla142[[#This Row],[frecuencia_new]]="Anual",RANDBETWEEN(1,12),""))) | J629: Revision de liquido de frenos | K629: =SUM(MID(Tabla142[[#This Row],[Duración]],1,2)*60,MID(Tabla142[[#This Row],[Duración]],6,2)) -> 30 | L629: 00 h 30 m | M629: Equipos Auxiliares | N629: Montacargas | O629: Carlos de Leon | P629: Mecánico | Q629: 46032.649 | R629: 100 | T629: 68Carlos de Leon
A630: =VLOOKUP(T630,$V$2:$W$222,2,FALSE) -> 72 | B630: AS629 | C630: Alta | D630: 69 | E630: =IF(Tabla142[[#This Row],[frecuencia]]="1 año","Anual",IF(Tabla142[[#This Row],[frecuencia]]="1 semana","Semanal",IF(Tabla142[[#This Row],[frecuencia]]="Quincenal",Tabla142[[#This Row],[frecuencia]],IF(Tabla142[[#This Row],[frecuencia]]="1 mes","Mensual",IF(Tabla142[[#This Row],[frecuencia]]="3 mes","Trimestral",IF(Tabla142[[#This Row],[frecuencia]]="6 mes","Semestral",IF(Tabla142[[#This Row],[frecuencia]]="1 día","Diaria",IF(Tabla142[[#This Row],[frecuencia]]="1 mes(es)","Mensual",IF(Tabla142[[#This Row],[frecuencia]]="1 semana(s)","Semanal","Horas"))))))))) -> Horas | F630: =IF(Tabla142[[#This Row],[frecuencia_new]]="Diaria"," ",RANDBETWEEN(1,6)) -> 6 | G630: =IF(Tabla142[[#This Row],[frecuencia_new]]="Diaria","",IF(Tabla142[[#This Row],[frecuencia_new]]="Semanal","",IF(Tabla142[[#This Row],[frecuencia_new]]="Quincenal",RANDBETWEEN(1,2),RANDBETWEEN(1,4)))) -> 1 | H630: =IF(Tabla142[[#This Row],[frecuencia_new]]="Trimestral",RANDBETWEEN(1,3),IF(Tabla142[[#This Row],[frecuencia_new]]="Semestral",RANDBETWEEN(1,6),IF(Tabla142[[#This Row],[frecuencia_new]]="Anual",RANDBETWEEN(1,12),""))) | J630: Cojinete de la rueda trasera | K630: =SUM(MID(Tabla142[[#This Row],[Duración]],1,2)*60,MID(Tabla142[[#This Row],[Duración]],6,2)) -> 30 | L630: 00 h 30 m | M630: Equipos Auxiliares | N630: Montacargas | O630: Carlos de Leon | P630: Mecánico | Q630: 46032.649 | R630: 100 | T630: 68Carlos de Leon
A631: =VLOOKUP(T631,$V$2:$W$222,2,FALSE) -> 72 | B631: AS630 | C631: Alta | D631: 69 | E631: =IF(Tabla142[[#This Row],[frecuencia]]="1 año","Anual",IF(Tabla142[[#This Row],[frecuencia]]="1 semana","Semanal",IF(Tabla142[[#This Row],[frecuencia]]="Quincenal",Tabla142[[#This Row],[frecuencia]],IF(Tabla142[[#This Row],[frecuencia]]="1 mes","Mensual",IF(Tabla142[[#This Row],[frecuencia]]="3 mes","Trimestral",IF(Tabla142[[#This Row],[frecuencia]]="6 mes","Semestral",IF(Tabla142[[#This Row],[frecuencia]]="1 día","Diaria",IF(Tabla142[[#This Row],[frecuencia]]="1 mes(es)","Mensual",IF(Tabla142[[#This Row],[frecuencia]]="1 semana(s)","Semanal","Horas"))))))))) -> Horas | F631: =IF(Tabla142[[#This Row],[frecuencia_new]]="Diaria"," ",RANDBETWEEN(1,6)) -> 3 | G631: =IF(Tabla142[[#This Row],[frecuencia_new]]="Diaria","",IF(Tabla142[[#This Row],[frecuencia_new]]="Semanal","",IF(Tabla142[[#This Row],[frecuencia_new]]="Quincenal",RANDBETWEEN(1,2),RANDBETWEEN(1,4)))) -> 2 | H631: =IF(Tabla142[[#This Row],[frecuencia_new]]="Trimestral",RANDBETWEEN(1,3),IF(Tabla142[[#This Row],[frecuencia_new]]="Semestral",RANDBETWEEN(1,6),IF(Tabla142[[#This Row],[frecuencia_new]]="Anual",RANDBETWEEN(1,12),""))) | J631: Engrasado bomba de transmisión | K631: =SUM(MID(Tabla142[[#This Row],[Duración]],1,2)*60,MID(Tabla142[[#This Row],[Duración]],6,2)) -> 3 | L631: 00 h 30 | M631: Equipos Auxiliares | N631: Montacargas | O631: Carlos de Leon | P631: Mecánico | Q631: 46032.649 | R631: 100 | T631: 68Carlos de Leon
A632: =VLOOKUP(T632,$V$2:$W$222,2,FALSE) -> 72 | B632: AS631 | C632: Alta | D632: 69 | E632: =IF(Tabla142[[#This Row],[frecuencia]]="1 año","Anual",IF(Tabla142[[#This Row],[frecuencia]]="1 semana","Semanal",IF(Tabla142[[#This Row],[frecuencia]]="Quincenal",Tabla142[[#This Row],[frecuencia]],IF(Tabla142[[#This Row],[frecuencia]]="1 mes","Mensual",IF(Tabla142[[#This Row],[frecuencia]]="3 mes","Trimestral",IF(Tabla142[[#This Row],[frecuencia]]="6 mes","Semestral",IF(Tabla142[[#This Row],[frecuencia]]="1 día","Diaria",IF(Tabla142[[#This Row],[frecuencia]]="1 mes(es)","Mensual",IF(Tabla142[[#This Row],[frecuencia]]="1 semana(s)","Semanal","Horas"))))))))) -> Horas | F632: =IF(Tabla142[[#This Row],[frecuencia_new]]="Diaria"," ",RANDBETWEEN(1,6)) -> 6 | G632: =IF(Tabla142[[#This Row],[frecuencia_new]]="Diaria","",IF(Tabla142[[#This Row],[frecuencia_new]]="Semanal","",IF(Tabla142[[#This Row],[frecuencia_new]]="Quincenal",RANDBETWEEN(1,2),RANDBETWEEN(1,4)))) -> 2 | H632: =IF(Tabla142[[#This Row],[frecuencia_new]]="Trimestral",RANDBETWEEN(1,3),IF(Tabla142[[#This Row],[frecuencia_new]]="Semestral",RANDBETWEEN(1,6),IF(Tabla142[[#This Row],[frecuencia_new]]="Anual",RANDBETWEEN(1,12),""))) | J632: Engrasado cadena de elevación | K632: =SUM(MID(Tabla142[[#This Row],[Duración]],1,2)*60,MID(Tabla142[[#This Row],[Duración]],6,2)) -> 30 | L632: 00 h 30 m | M632: Equipos Auxiliares | N632: Montacargas | O632: Carlos de Leon | P632: Mecánico | Q632: 46032.649 | R632: 100 | T632: 68Carlos de Leon
A633: =VLOOKUP(T633,$V$2:$W$222,2,FALSE) -> 72 | B633: AS632 | C633: Alta | D633: 69 | E633: =IF(Tabla142[[#This Row],[frecuencia]]="1 año","Anual",IF(Tabla142[[#This Row],[frecuencia]]="1 semana","Semanal",IF(Tabla142[[#This Row],[frecuencia]]="Quincenal",Tabla142[[#This Row],[frecuencia]],IF(Tabla142[[#This Row],[frecuencia]]="1 mes","Mensual",IF(Tabla142[[#This Row],[frecuencia]]="3 mes","Trimestral",IF(Tabla142[[#This Row],[frecuencia]]="6 mes","Semestral",IF(Tabla142[[#This Row],[frecuencia]]="1 día","Diaria",IF(Tabla142[[#This Row],[frecuencia]]="1 mes(es)","Mensual",IF(Tabla142[[#This Row],[frecuencia]]="1 semana(s)","Semanal","Horas"))))))))) -> Horas | F633: =IF(Tabla142[[#This Row],[frecuencia_new]]="Diaria"," ",RANDBETWEEN(1,6)) -> 6 | G633: =IF(Tabla142[[#This Row],[frecuencia_new]]="Diaria","",IF(Tabla142[[#This Row],[frecuencia_new]]="Semanal","",IF(Tabla142[[#This Row],[frecuencia_new]]="Quincenal",RANDBETWEEN(1,2),RANDBETWEEN(1,4)))) -> 4 | H633: =IF(Tabla142[[#This Row],[frecuencia_new]]="Trimestral",RANDBETWEEN(1,3),IF(Tabla142[[#This Row],[frecuencia_new]]="Semestral",RANDBETWEEN(1,6),IF(Tabla142[[#This Row],[frecuencia_new]]="Anual",RANDBETWEEN(1,12),""))) | J633: Engrasado cilindro de dirección | K633: =SUM(MID(Tabla142[[#This Row],[Duración]],1,2)*60,MID(Tabla142[[#This Row],[Duración]],6,2)) -> 30 | L633: 00 h 30 m | M633: Equipos Auxiliares | N633: Montacargas | O633: Carlos de Leon | P633: Mecánico | Q633: 46032.649 | R633: 100 | T633: 68Carlos de Leon
A634: =VLOOKUP(T634,$V$2:$W$222,2,FALSE) -> 72 | B634: AS633 | C634: Alta | D634: 69 | E634: =IF(Tabla142[[#This Row],[frecuencia]]="1 año","Anual",IF(Tabla142[[#This Row],[frecuencia]]="1 semana","Semanal",IF(Tabla142[[#This Row],[frecuencia]]="Quincenal",Tabla142[[#This Row],[frecuencia]],IF(Tabla142[[#This Row],[frecuencia]]="1 mes","Mensual",IF(Tabla142[[#This Row],[frecuencia]]="3 mes","Trimestral",IF(Tabla142[[#This Row],[frecuencia]]="6 mes","Semestral",IF(Tabla142[[#This Row],[frecuencia]]="1 día","Diaria",IF(Tabla142[[#This Row],[frecuencia]]="1 mes(es)","Mensual",IF(Tabla142[[#This Row],[frecuencia]]="1 semana(s)","Semanal","Horas"))))))))) -> Horas | F634: =IF(Tabla142[[#This Row],[frecuencia_new]]="Diaria"," ",RANDBETWEEN(1,6)) -> 5 | G634: =IF(Tabla142[[#This Row],[frecuencia_new]]="Diaria","",IF(Tabla142[[#This Row],[frecuencia_new]]="Semanal","",IF(Tabla142[[#This Row],[frecuencia_new]]="Quincenal",RANDBETWEEN(1,2),RANDBETWEEN(1,4)))) -> 2 | H634: =IF(Tabla142[[#This Row],[frecuencia_new]]="Trimestral",RANDBETWEEN(1,3),IF(Tabla142[[#This Row],[frecuencia_new]]="Semestral",RANDBETWEEN(1,6),IF(Tabla142[[#This Row],[frecuencia_new]]="Anual",RANDBETWEEN(1,12),""))) | J634: Engrasado cojinete rueda delantera | K634: =SUM(MID(Tabla142[[#This Row],[Duración]],1,2)*60,MID(Tabla142[[#This Row],[Duración]],6,2)) -> 30 | L634: 00 h 30 m | M634: Equipos Auxiliares | N634: Montacargas | O634: Carlos de Leon | P634: Mecánico | Q634: 46032.649 | R634: 100 | T634: 68Carlos de Leon
A635: =VLOOKUP(T635,$V$2:$W$222,2,FALSE) -> 72 | B635: AS634 | C635: Alta | D635: 69 | E635: =IF(Tabla142[[#This Row],[frecuencia]]="1 año","Anual",IF(Tabla142[[#This Row],[frecuencia]]="1 semana","Semanal",IF(Tabla142[[#This Row],[frecuencia]]="Quincenal",Tabla142[[#This Row],[frecuencia]],IF(Tabla142[[#This Row],[frecuencia]]="1 mes","Mensual",IF(Tabla142[[#This Row],[frecuencia]]="3 mes","Trimestral",IF(Tabla142[[#This Row],[frecuencia]]="6 mes","Semestral",IF(Tabla142[[#This Row],[frecuencia]]="1 día","Diaria",IF(Tabla142[[#This Row],[frecuencia]]="1 mes(es)","Mensual",IF(Tabla142[[#This Row],[frecuencia]]="1 semana(s)","Semanal","Horas"))))))))) -> Horas | F635: =IF(Tabla142[[#This Row],[frecuencia_new]]="Diaria"," ",RANDBETWEEN(1,6)) -> 5 | G635: =IF(Tabla142[[#This Row],[frecuencia_new]]="Diaria","",IF(Tabla142[[#This Row],[frecuencia_new]]="Semanal","",IF(Tabla142[[#This Row],[frecuencia_new]]="Quincenal",RANDBETWEEN(1,2),RANDBETWEEN(1,4)))) -> 1 | H635: =IF(Tabla142[[#This Row],[frecuencia_new]]="Trimestral",RANDBETWEEN(1,3),IF(Tabla142[[#This Row],[frecuencia_new]]="Semestral",RANDBETWEEN(1,6),IF(Tabla142[[#This Row],[frecuencia_new]]="Anual",RANDBETWEEN(1,12),""))) | J635: Engrasado cubierta del soporte del mástil | K635: =SUM(MID(Tabla142[[#This Row],[Duración]],1,2)*60,MID(Tabla142[[#This Row],[Duración]],6,2)) -> 10 | L635: 00 h 10 m | M635: Equipos Auxiliares | N635: Montacargas | O635: Carlos de Leon | P635: Mecánico | Q635: 46032.649 | R635: 100 | T635: 68Carlos de Leon
A636: =VLOOKUP(T636,$V$2:$W$222,2,FALSE) -> 72 | B636: AS635 | C636: Alta | D636: 69 | E636: =IF(Tabla142[[#This Row],[frecuencia]]="1 año","Anual",IF(Tabla142[[#This Row],[frecuencia]]="1 semana","Semanal",IF(Tabla142[[#This Row],[frecuencia]]="Quincenal",Tabla142[[#This Row],[frecuencia]],IF(Tabla142[[#This Row],[frecuencia]]="1 mes","Mensual",IF(Tabla142[[#This Row],[frecuencia]]="3 mes","Trimestral",IF(Tabla142[[#This Row],[frecuencia]]="6 mes","Semestral",IF(Tabla142[[#This Row],[frecuencia]]="1 día","Diaria",IF(Tabla142[[#This Row],[frecuencia]]="1 mes(es)","Mensual",IF(Tabla142[[#This Row],[frecuencia]]="1 semana(s)","Semanal","Horas"))))))))) -> Horas | F636: =IF(Tabla142[[#This Row],[frecuencia_new]]="Diaria"," ",RANDBETWEEN(1,6)) -> 6 | G636: =IF(Tabla142[[#This Row],[frecuencia_new]]="Diaria","",IF(Tabla142[[#This Row],[frecuencia_new]]="Semanal","",IF(Tabla142[[#This Row],[frecuencia_new]]="Quincenal",RANDBETWEEN(1,2),RANDBETWEEN(1,4)))) -> 4 | H636: =IF(Tabla142[[#This Row],[frecuencia_new]]="Trimestral",RANDBETWEEN(1,3),IF(Tabla142[[#This Row],[frecuencia_new]]="Semestral",RANDBETWEEN(1,6),IF(Tabla142[[#This Row],[frecuencia_new]]="Anual",RANDBETWEEN(1,12),""))) | J636: Engrasado de puntos móviles freno de mano | K636: =SUM(MID(Tabla142[[#This Row],[Duración]],1,2)*60,MID(Tabla142[[#This Row],[Duración]],6,2)) -> 10 | L636: 00 h 10 m | M636: Equipos Auxiliares | N636: Montacargas | O636: Carlos de Leon | P636: Mecánico | Q636: 46032.649 | R636: 100 | T636: 68Carlos de Leon
A637: =VLOOKUP(T637,$V$2:$W$222,2,FALSE) -> 72 | B637: AS636 | C637: Alta | D637: 69 | E637: =IF(Tabla142[[#This Row],[frecuencia]]="1 año","Anual",IF(Tabla142[[#This Row],[frecuencia]]="1 semana","Semanal",IF(Tabla142[[#This Row],[frecuencia]]="Quincenal",Tabla142[[#This Row],[frecuencia]],IF(Tabla142[[#This Row],[frecuencia]]="1 mes","Mensual",IF(Tabla142[[#This Row],[frecuencia]]="3 mes","Trimestral",IF(Tabla142[[#This Row],[frecuencia]]="6 mes","Semestral",IF(Tabla142[[#This Row],[frecuencia]]="1 día","Diaria",IF(Tabla142[[#This Row],[frecuencia]]="1 mes(es)","Mensual",IF(Tabla142[[#This Row],[frecuencia]]="1 semana(s)","Semanal","Horas"))))))))) -> Horas | F637: =IF(Tabla142[[#This Row],[frecuencia_new]]="Diaria"," ",RANDBETWEEN(1,6)) -> 6 | G637: =IF(Tabla142[[#This Row],[frecuencia_new]]="Diaria","",IF(Tabla142[[#This Row],[frecuencia_new]]="Semanal","",IF(Tabla142[[#This Row],[frecuencia_new]]="Quincenal",RANDBETWEEN(1,2),RANDBETWEEN(1,4)))) -> 1 | H637: =IF(Tabla142[[#This Row],[frecuencia_new]]="Trimestral",RANDBETWEEN(1,3),IF(Tabla142[[#This Row],[frecuencia_new]]="Semestral",RANDBETWEEN(1,6),IF(Tabla142[[#This Row],[frecuencia_new]]="Anual",RANDBETWEEN(1,12),""))) | J637: Engrasado pin de pedal de freno | K637: =SUM(MID(Tabla142[[#This Row],[Duración]],1,2)*60,MID(Tabla142[[#This Row],[Duración]],6,2)) -> 30 | L637: 00 h 30 m | M637: Equipos Auxiliares | N637: Montacargas | O637: Carlos de Leon | P637: Mecánico | Q637: 46032.649 | R637: 100 | T637: 68Carlos de Leon
A638: =VLOOKUP(T638,$V$2:$W$222,2,FALSE) -> 72 | B638: AS637 | C638: Alta | D638: 69 | E638: =IF(Tabla142[[#This Row],[frecuencia]]="1 año","Anual",IF(Tabla142[[#This Row],[frecuencia]]="1 semana","Semanal",IF(Tabla142[[#This Row],[frecuencia]]="Quincenal",Tabla142[[#This Row],[frecuencia]],IF(Tabla142[[#This Row],[frecuencia]]="1 mes","Mensual",IF(Tabla142[[#This Row],[frecuencia]]="3 mes","Trimestral",IF(Tabla142[[#This Row],[frecuencia]]="6 mes","Semestral",IF(Tabla142[[#This Row],[frecuencia]]="1 día","Diaria",IF(Tabla142[[#This Row],[frecuencia]]="1 mes(es)","Mensual",IF(Tabla142[[#This Row],[frecuencia]]="1 semana(s)","Semanal","Horas"))))))))) -> Horas | F638: =IF(Tabla142[[#This Row],[frecuencia_new]]="Diaria"," ",RANDBETWEEN(1,6)) -> 3 | G638: =IF(Tabla142[[#This Row],[frecuencia_new]]="Diaria","",IF(Tabla142[[#This Row],[frecuencia_new]]="Semanal","",IF(Tabla142[[#This Row],[frecuencia_new]]="Quincenal",RANDBETWEEN(1,2),RANDBETWEEN(1,4)))) -> 1 | H638: =IF(Tabla142[[#This Row],[frecuencia_new]]="Trimestral",RANDBETWEEN(1,3),IF(Tabla142[[#This Row],[frecuencia_new]]="Semestral",RANDBETWEEN(1,6),IF(Tabla142[[#This Row],[frecuencia_new]]="Anual",RANDBETWEEN(1,12),""))) | J638: Engrasado timón sin | K638: =SUM(MID(Tabla142[[#This Row],[Duración]],1,2)*60,MID(Tabla142[[#This Row],[Duración]],6,2)) -> 30 | L638: 00 h 30 m | M638: Equipos Auxiliares | N638: Montacargas | O638: Carlos de Leon | P638: Mecánico | Q638: 46032.649 | R638: 100 | T638: 68Carlos de Leon
... A660: =VLOOKUP(T660,$V$2:$W$222,2,FALSE) -> 73 | B660: AS659 | C660: Alta | D660: 21 | E660: =IF(Tabla142[[#This Row],[frecuencia]]="1 año","Anual",IF(Tabla142[[#This Row],[frecuencia]]="1 semana","Semanal",IF(Tabla142[[#This Row],[frecuencia]]="Quincenal",Tabla142[[#This Row],[frecuencia]],IF(Tabla142[[#This Row],[frecuencia]]="1 mes","Mensual",IF(Tabla142[[#This Row],[frecuencia]]="3 mes","Trimestral",IF(Tabla142[[#This Row],[frecuencia]]="6 mes","Semestral",IF(Tabla142[[#This Row],[frecuencia]]="1 día","Diaria",IF(Tabla142[[#This Row],[frecuencia]]="1 mes(es)","Mensual",IF(Tabla142[[#This Row],[frecuencia]]="1 semana(s)","Semanal","Horas"))))))))) -> Horas | F660: =IF(Tabla142[[#This Row],[frecuencia_new]]="Diaria"," ",RANDBETWEEN(1,6)) -> 3 | G660: =IF(Tabla142[[#This Row],[frecuencia_new]]="Diaria","",IF(Tabla142[[#This Row],[frecuencia_new]]="Semanal","",IF(Tabla142[[#This Row],[frecuencia_new]]="Quincenal",RANDBETWEEN(1,2),RANDBETWEEN(1,4)))) -> 3 | H660: =IF(Tabla142[[#This Row],[frecuencia_new]]="Trimestral",RANDBETWEEN(1,3),IF(Tabla142[[#This Row],[frecuencia_new]]="Semestral",RANDBETWEEN(1,6),IF(Tabla142[[#This Row],[frecuencia_new]]="Anual",RANDBETWEEN(1,12),""))) | J660: Comprobación de fugas de aire | K660: =SUM(MID(Tabla142[[#This Row],[Duración]],1,2)*60,MID(Tabla142[[#This Row],[Duración]],6,2)) -> 60 | L660: 01 h 00 m | M660: Equipos Auxiliares | N660: Compresores | O660: Carlos de Leon | P660: Mecánico | Q660: 46032.649 | R660: 500 | T660: 69Carlos de Leon
A661: =VLOOKUP(T661,$V$2:$W$222,2,FALSE) -> 21 | B661: AS660 | C661: Alta | D661: 2 | E661: =IF(Tabla142[[#This Row],[frecuencia]]="1 año","Anual",IF(Tabla142[[#This Row],[frecuencia]]="1 semana","Semanal",IF(Tabla142[[#This Row],[frecuencia]]="Quincenal",Tabla142[[#This Row],[frecuencia]],IF(Tabla142[[#This Row],[frecuencia]]="1 mes","Mensual",IF(Tabla142[[#This Row],[frecuencia]]="3 mes","Trimestral",IF(Tabla142[[#This Row],[frecuencia]]="6 mes","Semestral",IF(Tabla142[[#This Row],[frecuencia]]="1 día","Diaria",IF(Tabla142[[#This Row],[frecuencia]]="1 mes(es)","Mensual",IF(Tabla142[[#This Row],[frecuencia]]="1 semana(s)","Semanal","Horas"))))))))) -> Anual | F661: =IF(Tabla142[[#This Row],[frecuencia_new]]="Diaria"," ",RANDBETWEEN(1,6)) -> 5 | G661: =IF(Tabla142[[#This Row],[frecuencia_new]]="Diaria","",IF(Tabla142[[#This Row],[frecuencia_new]]="Semanal","",IF(Tabla142[[#This Row],[frecuencia_new]]="Quincenal",RANDBETWEEN(1,2),RANDBETWEEN(1,4)))) -> 3 | H661: =IF(Tabla142[[#This Row],[frecuencia_new]]="Trimestral",RANDBETWEEN(1,3),IF(Tabla142[[#This Row],[frecuencia_new]]="Semestral",RANDBETWEEN(1,6),IF(Tabla142[[#This Row],[frecuencia_new]]="Anual",RANDBETWEEN(1,12),""))) -> 11 | J661: Apretar zonas de transición de corriente atornilladas | K661: =SUM(MID(Tabla142[[#This Row],[Duración]],1,2)*60,MID(Tabla142[[#This Row],[Duración]],6,2)) -> 30 | L661: 00 h 30 m | M661: lineas Automaticas | N661: Smag | O661: Bezalel Mendoza | P661: Electricista | Q661: 46032.649 | R661: 1 año | T661: 2Bezalel Mendoza
A662: =VLOOKUP(T662,$V$2:$W$222,2,FALSE) -> 75 | B662: AS661 | C662: Alta | D662: 2 | E662: =IF(Tabla142[[#This Row],[frecuencia]]="1 año","Anual",IF(Tabla142[[#This Row],[frecuencia]]="1 semana","Semanal",IF(Tabla142[[#This Row],[frecuencia]]="Quincenal",Tabla142[[#This Row],[frecuencia]],IF(Tabla142[[#This Row],[frecuencia]]="1 mes","Mensual",IF(Tabla142[[#This Row],[frecuencia]]="3 mes","Trimestral",IF(Tabla142[[#This Row],[frecuencia]]="6 mes","Semestral",IF(Tabla142[[#This Row],[frecuencia]]="1 día","Diaria",IF(Tabla142[[#This Row],[frecuencia]]="1 mes(es)","Mensual",IF(Tabla142[[#This Row],[frecuencia]]="1 semana(s)","Semanal","Horas"))))))))) -> Mensual | F662: =IF(Tabla142[[#This Row],[frecuencia_new]]="Diaria"," ",RANDBETWEEN(1,6)) -> 1 | G662: =IF(Tabla142[[#This Row],[frecuencia_new]]="Diaria","",IF(Tabla142[[#This Row],[frecuencia_new]]="Semanal","",IF(Tabla142[[#This Row],[frecuencia_new]]="Quincenal",RANDBETWEEN(1,2),RANDBETWEEN(1,4)))) -> 4 | H662: =IF(Tabla142[[#This Row],[frecuencia_new]]="Trimestral",RANDBETWEEN(1,3),IF(Tabla142[[#This Row],[frecuencia_new]]="Semestral",RANDBETWEEN(1,6),IF(Tabla142[[#This Row],[frecuencia_new]]="Anual",RANDBETWEEN(1,12),""))) | J662: Limpieza de guías, poleas y rodamientos de cintas transporte | K662: =SUM(MID(Tabla142[[#This Row],[Duración]],1,2)*60,MID(Tabla142[[#This Row],[Duración]],6,2)) -> 5 | L662: 00 h 05 m | M662: lineas Automaticas | N662: Smag | O662: Cesar Roque | P662: Mecánico | Q662: 46032.649 | R662: 1 mes | T662: 2Cesar Roque
A663: =VLOOKUP(T663,$V$2:$W$222,2,FALSE) -> 75 | B663: AS662 | C663: Alta | D663: 2 | E663: =IF(Tabla142[[#This Row],[frecuencia]]="1 año","Anual",IF(Tabla142[[#This Row],[frecuencia]]="1 semana","Semanal",IF(Tabla142[[#This Row],[frecuencia]]="Quincenal",Tabla142[[#This Row],[frecuencia]],IF(Tabla142[[#This Row],[frecuencia]]="1 mes","Mensual",IF(Tabla142[[#This Row],[frecuencia]]="3 mes","Trimestral",IF(Tabla142[[#This Row],[frecuencia]]="6 mes","Semestral",IF(Tabla142[[#This Row],[frecuencia]]="1 día","Diaria",IF(Tabla142[[#This Row],[frecuencia]]="1 mes(es)","Mensual",IF(Tabla142[[#This Row],[frecuencia]]="1 semana(s)","Semanal","Horas"))))))))) -> Semanal | F663: =IF(Tabla142[[#This Row],[frecuencia_new]]="Diaria"," ",RANDBETWEEN(1,6)) -> 2 | G663: =IF(Tabla142[[#This Row],[frecuencia_new]]="Diaria","",IF(Tabla142[[#This Row],[frecuencia_new]]="Semanal","",IF(Tabla142[[#This Row],[frecuencia_new]]="Quincenal",RANDBETWEEN(1,2),RANDBETWEEN(1,4)))) | H663: =IF(Tabla142[[#This Row],[frecuencia_new]]="Trimestral",RANDBETWEEN(1,3),IF(Tabla142[[#This Row],[frecuencia_new]]="Semestral",RANDBETWEEN(1,6),IF(Tabla142[[#This Row],[frecuencia_new]]="Anual",RANDBETWEEN(1,12),""))) | J663: Lubricacion general | K663: =SUM(MID(Tabla142[[#This Row],[Duración]],1,2)*60,MID(Tabla142[[#This Row],[Duración]],6,2)) -> 5 | L663: 00 h 05 m | M663: lineas Automaticas | N663: Smag | O663: Cesar Roque | P663: Mecánico | Q663: 46032.649 | R663: 1 semana | T663: 2Cesar Roque
A664: =VLOOKUP(T664,$V$2:$W$222,2,FALSE) -> 75 | B664: AS663 | C664: Media | D664: 2 | E664: =IF(Tabla142[[#This Row],[frecuencia]]="1 año","Anual",IF(Tabla142[[#This Row],[frecuencia]]="1 semana","Semanal",IF(Tabla142[[#This Row],[frecuencia]]="Quincenal",Tabla142[[#This Row],[frecuencia]],IF(Tabla142[[#This Row],[frecuencia]]="1 mes","Mensual",IF(Tabla142[[#This Row],[frecuencia]]="3 mes","Trimestral",IF(Tabla142[[#This Row],[frecuencia]]="6 mes","Semestral",IF(Tabla142[[#This Row],[frecuencia]]="1 día","Diaria",IF(Tabla142[[#This Row],[frecuencia]]="1 mes(es)","Mensual",IF(Tabla142[[#This Row],[frecuencia]]="1 semana(s)","Semanal","Horas"))))))))) -> Semanal | F664: =IF(Tabla142[[#This Row],[frecuencia_new]]="Diaria"," ",RANDBETWEEN(1,6)) -> 5 | G664: =IF(Tabla142[[#This Row],[frecuencia_new]]="Diaria","",IF(Tabla142[[#This Row],[frecuencia_new]]="Semanal","",IF(Tabla142[[#This Row],[frecuencia_new]]="Quincenal",RANDBETWEEN(1,2),RANDBETWEEN(1,4)))) | H664: =IF(Tabla142[[#This Row],[frecuencia_new]]="Trimestral",RANDBETWEEN(1,3),IF(Tabla142[[#This Row],[frecuencia_new]]="Semestral",RANDBETWEEN(1,6),IF(Tabla142[[#This Row],[frecuencia_new]]="Anual",RANDBETWEEN(1,12),""))) | J664: Verificación de fugas en el sistema neumático | K664: =SUM(MID(Tabla142[[#This Row],[Duración]],1,2)*60,MID(Tabla142[[#This Row],[Duración]],6,2)) -> 5 | L664: 00 h 05 m | M664: lineas Automaticas | N664: Smag | O664: Cesar Roque | P664: Mecánico | Q664: 46032.649 | R664: 1 semana | T664: 2Cesar Roque
A665: =VLOOKUP(T665,$V$2:$W$222,2,FALSE) -> 122 | B665: AS664 | C665: Alta | D665: 2 | E665: =IF(Tabla142[[#This Row],[frecuencia]]="1 año","Anual",IF(Tabla142[[#This Row],[frecuencia]]="1 semana","Semanal",IF(Tabla142[[#This Row],[frecuencia]]="Quincenal",Tabla142[[#This Row],[frecuencia]],IF(Tabla142[[#This Row],[frecuencia]]="1 mes","Mensual",IF(Tabla142[[#This Row],[frecuencia]]="3 mes","Trimestral",IF(Tabla142[[#This Row],[frecuencia]]="6 mes","Semestral",IF(Tabla142[[#This Row],[frecuencia]]="1 día","Diaria",IF(Tabla142[[#This Row],[frecuencia]]="1 mes(es)","Mensual",IF(Tabla142[[#This Row],[frecuencia]]="1 semana(s)","Semanal","Horas"))))))))) -> Anual | F665: =IF(Tabla142[[#This Row],[frecuencia_new]]="Diaria"," ",RANDBETWEEN(1,6)) -> 6 | G665: =IF(Tabla142[[#This Row],[frecuencia_new]]="Diaria","",IF(Tabla142[[#This Row],[frecuencia_new]]="Semanal","",IF(Tabla142[[#This Row],[frecuencia_new]]="Quincenal",RANDBETWEEN(1,2),RANDBETWEEN(1,4)))) -> 2 | H665: =IF(Tabla142[[#This Row],[frecuencia_new]]="Trimestral",RANDBETWEEN(1,3),IF(Tabla142[[#This Row],[frecuencia_new]]="Semestral",RANDBETWEEN(1,6),IF(Tabla142[[#This Row],[frecuencia_new]]="Anual",RANDBETWEEN(1,12),""))) -> 9 | J665: Limpieza de mandos electrónicos | K665: =SUM(MID(Tabla142[[#This Row],[Duración]],1,2)*60,MID(Tabla142[[#This Row],[Duración]],6,2)) -> 30 | L665: 00 h 30 m | M665: lineas Automaticas | N665: Smag | O665: Ever Morales | P665: Electricista | Q665: 46032.649 | R665: 1 año | T665: 2Ever Morales
A666: =VLOOKUP(T666,$V$2:$W$222,2,FALSE) -> 122 | B666: AS665 | C666: Media | D666: 2 | E666: =IF(Tabla142[[#This Row],[frecuencia]]="1 año","Anual",IF(Tabla142[[#This Row],[frecuencia]]="1 semana","Semanal",IF(Tabla142[[#This Row],[frecuencia]]="Quincenal",Tabla142[[#This Row],[frecuencia]],IF(Tabla142[[#This Row],[frecuencia]]="1 mes","Mensual",IF(Tabla142[[#This Row],[frecuencia]]="3 mes","Trimestral",IF(Tabla142[[#This Row],[frecuencia]]="6 mes","Semestral",IF(Tabla142[[#This Row],[frecuencia]]="1 día","Diaria",IF(Tabla142[[#This Row],[frecuencia]]="1 mes(es)","Mensual",IF(Tabla142[[#This Row],[frecuencia]]="1 semana(s)","Semanal","Horas"))))))))) -> Anual | F666: =IF(Tabla142[[#This Row],[frecuencia_new]]="Diaria"," ",RANDBETWEEN(1,6)) -> 4 | G666: =IF(Tabla142[[#This Row],[frecuencia_new]]="Diaria","",IF(Tabla142[[#This Row],[frecuencia_new]]="Semanal","",IF(Tabla142[[#This Row],[frecuencia_new]]="Quincenal",RANDBETWEEN(1,2),RANDBETWEEN(1,4)))) -> 3 | H666: =IF(Tabla142[[#This Row],[frecuencia_new]]="Trimestral",RANDBETWEEN(1,3),IF(Tabla142[[#This Row],[frecuencia_new]]="Semestral",RANDBETWEEN(1,6),IF(Tabla142[[#This Row],[frecuencia_new]]="Anual",RANDBETWEEN(1,12),""))) -> 10 | J666: Limpieza general de paneles eléctricos | K666: =SUM(MID(Tabla142[[#This Row],[Duración]],1,2)*60,MID(Tabla142[[#This Row],[Duración]],6,2)) -> 30 | L666: 00 h 30 m | M666: lineas Automaticas | N666: Smag | O666: Ever Morales | P666: Electricista | Q666: 46032.649 | R666: 1 año | T666: 2Ever Morales
A667: =VLOOKUP(T667,$V$2:$W$222,2,FALSE) -> 122 | B667: AS666 | C667: Alta | D667: 2 | E667: =IF(Tabla142[[#This Row],[frecuencia]]="1 año","Anual",IF(Tabla142[[#This Row],[frecuencia]]="1 semana","Semanal",IF(Tabla142[[#This Row],[frecuencia]]="Quincenal",Tabla142[[#This Row],[frecuencia]],IF(Tabla142[[#This Row],[frecuencia]]="1 mes","Mensual",IF(Tabla142[[#This Row],[frecuencia]]="3 mes","Trimestral",IF(Tabla142[[#This Row],[frecuencia]]="6 mes","Semestral",IF(Tabla142[[#This Row],[frecuencia]]="1 día","Diaria",IF(Tabla142[[#This Row],[frecuencia]]="1 mes(es)","Mensual",IF(Tabla142[[#This Row],[frecuencia]]="1 semana(s)","Semanal","Horas"))))))))) -> Anual | F667: =IF(Tabla142[[#This Row],[frecuencia_new]]="Diaria"," ",RANDBETWEEN(1,6)) -> 6 | G667: =IF(Tabla142[[#This Row],[frecuencia_new]]="Diaria","",IF(Tabla142[[#This Row],[frecuencia_new]]="Semanal","",IF(Tabla142[[#This Row],[frecuencia_new]]="Quincenal",RANDBETWEEN(1,2),RANDBETWEEN(1,4)))) -> 4 | H667: =IF(Tabla142[[#This Row],[frecuencia_new]]="Trimestral",RANDBETWEEN(1,3),IF(Tabla142[[#This Row],[frecuencia_new]]="Semestral",RANDBETWEEN(1,6),IF(Tabla142[[#This Row],[frecuencia_new]]="Anual",RANDBETWEEN(1,12),""))) -> 1 | J667: Revisión de motor | K667: =SUM(MID(Tabla142[[#This Row],[Duración]],1,2)*60,MID(Tabla142[[#This Row],[Duración]],6,2)) -> 30 | L667: 00 h 30 m | M667: lineas Automaticas | N667: Smag | O667: Ever Morales | P667: Electricista | Q667: 46032.649 | R667: 1 año | T667: 2Ever Morales
A668: =VLOOKUP(T668,$V$2:$W$222,2,FALSE) -> 194 | B668: AS667 | C668: Alta | D668: 2 | E668: =IF(Tabla142[[#This Row],[frecuencia]]="1 año","Anual",IF(Tabla142[[#This Row],[frecuencia]]="1 semana","Semanal",IF(Tabla142[[#This Row],[frecuencia]]="Quincenal",Tabla142[[#This Row],[frecuencia]],IF(Tabla142[[#This Row],[frecuencia]]="1 mes","Mensual",IF(Tabla142[[#This Row],[frecuencia]]="3 mes","Trimestral",IF(Tabla142[[#This Row],[frecuencia]]="6 mes","Semestral",IF(Tabla142[[#This Row],[frecuencia]]="1 día","Diaria",IF(Tabla142[[#This Row],[frecuencia]]="1 mes(es)","Mensual",IF(Tabla142[[#This Row],[frecuencia]]="1 semana(s)","Semanal","Horas"))))))))) -> Diaria | F668: =IF(Tabla142[[#This Row],[frecuencia_new]]="Diaria"," ",RANDBETWEEN(1,6)) | G668: =IF(Tabla142[[#This Row],[frecuencia_new]]="Diaria","",IF(Tabla142[[#This Row],[frecuencia_new]]="Semanal","",IF(Tabla142[[#This Row],[frecuencia_new]]="Quincenal",RANDBETWEEN(1,2),RANDBETWEEN(1,4)))) | H668: =IF(Tabla142[[#This Row],[frecuencia_new]]="Trimestral",RANDBETWEEN(1,3),IF(Tabla142[[#This Row],[frecuencia_new]]="Semestral",RANDBETWEEN(1,6),IF(Tabla142[[#This Row],[frecuencia_new]]="Anual",RANDBETWEEN(1,12),""))) | J668: Limpieza de aplicador de barniz | K668: =SUM(MID(Tabla142[[#This Row],[Duración]],1,2)*60,MID(Tabla142[[#This Row],[Duración]],6,2)) -> 5 | L668: 00 h 05 m | M668: lineas Automaticas | N668: Smag | O668: Otto Lopez | P668: Operador | Q668: 46032.649 | R668: 1 día | T668: 2Otto Lopez
A669: =VLOOKUP(T669,$V$2:$W$222,2,FALSE) -> 77 | B669: AS668 | C669: Alta | D669: 7 | E669: =IF(Tabla142[[#This Row],[frecuencia]]="1 año","Anual",IF(Tabla142[[#This Row],[frecuencia]]="1 semana","Semanal",IF(Tabla142[[#This Row],[frecuencia]]="Quincenal",Tabla142[[#This Row],[frecuencia]],IF(Tabla142[[#This Row],[frecuencia]]="1 mes","Mensual",IF(Tabla142[[#This Row],[frecuencia]]="3 mes","Trimestral",IF(Tabla142[[#This Row],[frecuencia]]="6 mes","Semestral",IF(Tabla142[[#This Row],[frecuencia]]="1 día","Diaria",IF(Tabla142[[#This Row],[frecuencia]]="1 mes(es)","Mensual",IF(Tabla142[[#This Row],[frecuencia]]="1 semana(s)","Semanal","Horas"))))))))) -> Quincenal | F669: =IF(Tabla142[[#This Row],[frecuencia_new]]="Diaria"," ",RANDBETWEEN(1,6)) -> 1 | G669: =IF(Tabla142[[#This Row],[frecuencia_new]]="Diaria","",IF(Tabla142[[#This Row],[frecuencia_new]]="Semanal","",IF(Tabla142[[#This Row],[frecuencia_new]]="Quincenal",RANDBETWEEN(1,2),RANDBETWEEN(1,4)))) -> 2 | H669: =IF(Tabla142[[#This Row],[frecuencia_new]]="Trimestral",RANDBETWEEN(1,3),IF(Tabla142[[#This Row],[frecuencia_new]]="Semestral",RANDBETWEEN(1,6),IF(Tabla142[[#This Row],[frecuencia_new]]="Anual",RANDBETWEEN(1,12),""))) | J669: Limpieza de filtros de bomba de bacio | K669: =SUM(MID(Tabla142[[#This Row],[Duración]],1,2)*60,MID(Tabla142[[#This Row],[Duración]],6,2)) -> 60 | L669: 01 h 00 m | M669: lineas Automaticas | N669: Smag | O669: Cesar Roque | P669: Mecánico | Q669: 46032.649 | R669: Quincenal | T669: 7Cesar Roque
A670: =VLOOKUP(T670,$V$2:$W$222,2,FALSE) -> 77 | B670: AS669 | C670: Alta | D670: 7 | E670: =IF(Tabla142[[#This Row],[frecuencia]]="1 año","Anual",IF(Tabla142[[#This Row],[frecuencia]]="1 semana","Semanal",IF(Tabla142[[#This Row],[frecuencia]]="Quincenal",Tabla142[[#This Row],[frecuencia]],IF(Tabla142[[#This Row],[frecuencia]]="1 mes","Mensual",IF(Tabla142[[#This Row],[frecuencia]]="3 mes","Trimestral",IF(Tabla142[[#This Row],[frecuencia]]="6 mes","Semestral",IF(Tabla142[[#This Row],[frecuencia]]="1 día","Diaria",IF(Tabla142[[#This Row],[frecuencia]]="1 mes(es)","Mensual",IF(Tabla142[[#This Row],[frecuencia]]="1 semana(s)","Semanal","Horas"))))))))) -> Mensual | F670: =IF(Tabla142[[#This Row],[frecuencia_new]]="Diaria"," ",RANDBETWEEN(1,6)) -> 4 | G670: =IF(Tabla142[[#This Row],[frecuencia_new]]="Diaria","",IF(Tabla142[[#This Row],[frecuencia_new]]="Semanal","",IF(Tabla142[[#This Row],[frecuencia_new]]="Quincenal",RANDBETWEEN(1,2),RANDBETWEEN(1,4)))) -> 2 | H670: =IF(Tabla142[[#This Row],[frecuencia_new]]="Trimestral",RANDBETWEEN(1,3),IF(Tabla142[[#This Row],[frecuencia_new]]="Semestral",RANDBETWEEN(1,6),IF(Tabla142[[#This Row],[frecuencia_new]]="Anual",RANDBETWEEN(1,12),""))) | J670: Limpieza filtros | K670: =SUM(MID(Tabla142[[#This Row],[Duración]],1,2)*60,MID(Tabla142[[#This Row],[Duración]],6,2)) -> 30 | L670: 00 h 30 m | M670: lineas Automaticas | N670: Smag | O670: Cesar Roque | P670: Mecánico | Q670: 46032.649 | R670: 1 mes | T670: 7Cesar Roque
A671: =VLOOKUP(T671,$V$2:$W$222,2,FALSE) -> 77 | B671: AS670 | C671: Alta | D671: 7 | E671: =IF(Tabla142[[#This Row],[frecuencia]]="1 año","Anual",IF(Tabla142[[#This Row],[frecuencia]]="1 semana","Semanal",IF(Tabla142[[#This Row],[frecuencia]]="Quincenal",Tabla142[[#This Row],[frecuencia]],IF(Tabla142[[#This Row],[frecuencia]]="1 mes","Mensual",IF(Tabla142[[#This Row],[frecuencia]]="3 mes","Trimestral",IF(Tabla142[[#This Row],[frecuencia]]="6 mes","Semestral",IF(Tabla142[[#This Row],[frecuencia]]="1 día","Diaria",IF(Tabla142[[#This Row],[frecuencia]]="1 mes(es)","Mensual",IF(Tabla142[[#This Row],[frecuencia]]="1 semana(s)","Semanal","Horas"))))))))) -> Quincenal | F671: =IF(Tabla142[[#This Row],[frecuencia_new]]="Diaria"," ",RANDBETWEEN(1,6)) -> 2 | G671: =IF(Tabla142[[#This Row],[frecuencia_new]]="Diaria","",IF(Tabla142[[#This Row],[frecuencia_new]]="Semanal","",IF(Tabla142[[#This Row],[frecuencia_new]]="Quincenal",RANDBETWEEN(1,2),RANDBETWEEN(1,4)))) -> 1 | H671: =IF(Tabla142[[#This Row],[frecuencia_new]]="Trimestral",RANDBETWEEN(1,3),IF(Tabla142[[#This Row],[frecuencia_new]]="Semestral",RANDBETWEEN(1,6),IF(Tabla142[[#This Row],[frecuencia_new]]="Anual",RANDBETWEEN(1,12),""))) | J671: Limpieza mangueras y ductos de polvos | K671: =SUM(MID(Tabla142[[#This Row],[Duración]],1,2)*60,MID(Tabla142[[#This Row],[Duración]],6,2)) -> 60 | L671: 01 h 00 m | M671: lineas Automaticas | N671: Smag | O671: Cesar Roque | P671: Mecánico | Q671: 46032.649 | R671: Quincenal | T671: 7Cesar Roque
A672: =VLOOKUP(T672,$V$2:$W$222,2,FALSE) -> 77 | B672: AS671 | C672: Media | D672: 7 | E672: =IF(Tabla142[[#This Row],[frecuencia]]="1 año","Anual",IF(Tabla142[[#This Row],[frecuencia]]="1 semana","Semanal",IF(Tabla142[[#This Row],[frecuencia]]="Quincenal",Tabla142[[#This Row],[frecuencia]],IF(Tabla142[[#This Row],[frecuencia]]="1 mes","Mensual",IF(Tabla142[[#This Row],[frecuencia]]="3 mes","Trimestral",IF(Tabla142[[#This Row],[frecuencia]]="6 mes","Semestral",IF(Tabla142[[#This Row],[frecuencia]]="1 día","Diaria",IF(Tabla142[[#This Row],[frecuencia]]="1 mes(es)","Mensual",IF(Tabla142[[#This Row],[frecuencia]]="1 semana(s)","Semanal","Horas"))))))))) -> Semanal | F672: =IF(Tabla142[[#This Row],[frecuencia_new]]="Diaria"," ",RANDBETWEEN(1,6)) -> 3 | G672: =IF(Tabla142[[#This Row],[frecuencia_new]]="Diaria","",IF(Tabla142[[#This Row],[frecuencia_new]]="Semanal","",IF(Tabla142[[#This Row],[frecuencia_new]]="Quincenal",RANDBETWEEN(1,2),RANDBETWEEN(1,4)))) | H672: =IF(Tabla142[[#This Row],[frecuencia_new]]="Trimestral",RANDBETWEEN(1,3),IF(Tabla142[[#This Row],[frecuencia_new]]="Semestral",RANDBETWEEN(1,6),IF(Tabla142[[#This Row],[frecuencia_new]]="Anual",RANDBETWEEN(1,12),""))) | J672: Verificación de fugas en el sistema neumático | K672: =SUM(MID(Tabla142[[#This Row],[Duración]],1,2)*60,MID(Tabla142[[#This Row],[Duración]],6,2)) -> 30 | L672: 00 h 30 m | M672: lineas Automaticas | N672: Smag | O672: Cesar Roque | P672: Mecánico | Q672: 46032.649 | R672: 1 semana | T672: 7Cesar Roque
... A1213: =VLOOKUP(T1213,$V$2:$W$222,2,FALSE) -> 68 | B1213: AS1212 | C1213: Alta | D1213: 208 | E1213: =IF(Tabla142[[#This Row],[frecuencia]]="1 año","Anual",IF(Tabla142[[#This Row],[frecuencia]]="1 semana","Semanal",IF(Tabla142[[#This Row],[frecuencia]]="Quincenal",Tabla142[[#This Row],[frecuencia]],IF(Tabla142[[#This Row],[frecuencia]]="1 mes","Mensual",IF(Tabla142[[#This Row],[frecuencia]]="3 mes","Trimestral",IF(Tabla142[[#This Row],[frecuencia]]="6 mes","Semestral",IF(Tabla142[[#This Row],[frecuencia]]="1 día","Diaria",IF(Tabla142[[#This Row],[frecuencia]]="1 mes(es)","Mensual",IF(Tabla142[[#This Row],[frecuencia]]="1 semana(s)","Semanal","Horas"))))))))) -> Quincenal | F1213: =IF(Tabla142[[#This Row],[frecuencia_new]]="Diaria"," ",RANDBETWEEN(1,6)) -> 1 | G1213: =IF(Tabla142[[#This Row],[frecuencia_new]]="Diaria","",IF(Tabla142[[#This Row],[frecuencia_new]]="Semanal","",IF(Tabla142[[#This Row],[frecuencia_new]]="Quincenal",RANDBETWEEN(1,2),RANDBETWEEN(1,4)))) -> 2 | H1213: =IF(Tabla142[[#This Row],[frecuencia_new]]="Trimestral",RANDBETWEEN(1,3),IF(Tabla142[[#This Row],[frecuencia_new]]="Semestral",RANDBETWEEN(1,6),IF(Tabla142[[#This Row],[frecuencia_new]]="Anual",RANDBETWEEN(1,12),""))) | J1213: Revisión de motores | K1213: =SUM(MID(Tabla142[[#This Row],[Duración]],1,2)*60,MID(Tabla142[[#This Row],[Duración]],6,2)) -> 30 | L1213: 00 h 30 m | M1213: lineas Automaticas | N1213: Envase Rectangular | O1213: Bezalel Mendoza | P1213: Electricista | Q1213: 46032.649 | R1213: Quincenal | T1213: 208Bezalel Mendoza
